0.00E+00,0.00E+00,0.00E+00,0.00E+00,0.00E+00,0.00E+00,0.00E+00,0.00E+00,0.00E+00,0.00E+00,0.00E+00,0.00E+00,0.00E+00,0.00E+00,0.00E+00,0.00E+00,0.00E+00,0.00E+00,0.00E+00,0.00E+00,0.00E+00,0.00E+00,0.00E+00,0.00E+00,0.00E+00,0.00E+00,0.00E+00,0.00E+00,0.00E+00,0.00E+00,0.00E+00,0.00E+00,2.53E-02,4.79E-01,1.00E+02,9.50E-01,5.25E-01,5.60E-01,9.87E-01
0.00E+00,0.00E+00,0.00E+00,0.00E+00,0.00E+00,0.00E+00,0.00E+00,0.00E+00,0.00E+00,0.00E+00,0.00E+00,0.00E+00,0.00E+00,0.00E+00,0.00E+00,0.00E+00,0.00E+00,0.00E+00,0.00E+00,0.00E+00,0.00E+00,0.00E+00,0.00E+00,0.00E+00,0.00E+00,0.00E+00,0.00E+00,0.00E+00,0.00E+00,0.00E+00,0.00E+00,0.00E+00,2.05E-02,4.79E-01,1.00E+02,9.50E-01,5.51E-01,5.61E-01,9.97E-01
0.00E+00,0.00E+00,0.00E+00,0.00E+00,0.00E+00,0.00E+00,0.00E+00,0.00E+00,0.00E+00,0.00E+00,0.00E+00,0.00E+00,0.00E+00,0.00E+00,0.00E+00,0.00E+00,0.00E+00,0.00E+00,0.00E+00,0.00E+00,0.00E+00,0.00E+00,0.00E+00,0.00E+00,0.00E+00,0.00E+00,0.00E+00,0.00E+00,0.00E+00,0.00E+00,0.00E+00,0.00E+00,3.07E-02,4.79E-01,1.00E+02,9.50E-01,4.14E-01,5.45E-01,9.41E-01
0.00E+00,0.00E+00,0.00E+00,0.00E+00,0.00E+00,0.00E+00,0.00E+00,0.00E+00,0.00E+00,0.00E+00,0.00E+00,0.00E+00,0.00E+00,0.00E+00,0.00E+00,0.00E+00,0.00E+00,0.00E+00,0.00E+00,0.00E+00,0.00E+00,0.00E+00,0.00E+00,0.00E+00,0.00E+00,0.00E+00,0.00E+00,0.00E+00,0.00E+00,0.00E+00,0.00E+00,0.00E+00,2.39E-02,4.79E-01,1.00E+02,9.50E-01,4.71E-01,5.53E-01,9.67E-01
0.00E+00,0.00E+00,0.00E+00,0.00E+00,0.00E+00,0.00E+00,0.00E+00,0.00E+00,0.00E+00,0.00E+00,0.00E+00,0.00E+00,0.00E+00,0.00E+00,0.00E+00,0.00E+00,0.00E+00,0.00E+00,0.00E+00,0.00E+00,0.00E+00,0.00E+00,0.00E+00,0.00E+00,0.00E+00,0.00E+00,0.00E+00,0.00E+00,0.00E+00,0.00E+00,0.00E+00,0.00E+00,3.03E-02,4.79E-01,1.00E+02,9.50E-01,4.60E-01,5.57E-01,9.58E-01
0.00E+00,0.00E+00,0.00E+00,0.00E+00,0.00E+00,0.00E+00,0.00E+00,0.00E+00,0.00E+00,0.00E+00,0.00E+00,0.00E+00,0.00E+00,0.00E+00,0.00E+00,0.00E+00,0.00E+00,0.00E+00,0.00E+00,0.00E+00,0.00E+00,0.00E+00,0.00E+00,0.00E+00,0.00E+00,0.00E+00,0.00E+00,0.00E+00,0.00E+00,0.00E+00,0.00E+00,0.00E+00,2.23E-02,4.79E-01,1.00E+02,9.50E-01,4.65E-01,5.41E-01,9.71E-01
0.00E+00,0.00E+00,0.00E+00,0.00E+00,0.00E+00,0.00E+00,0.00E+00,0.00E+00,0.00E+00,0.00E+00,0.00E+00,0.00E+00,0.00E+00,0.00E+00,0.00E+00,0.00E+00,0.00E+00,0.00E+00,0.00E+00,0.00E+00,0.00E+00,0.00E+00,0.00E+00,0.00E+00,0.00E+00,0.00E+00,0.00E+00,0.00E+00,0.00E+00,0.00E+00,0.00E+00,0.00E+00,3.06E-02,4.79E-01,1.00E+02,9.50E-01,3.05E-01,5.50E-01,8.36E-01
0.00E+00,0.00E+00,0.00E+00,0.00E+00,0.00E+00,0.00E+00,0.00E+00,0.00E+00,0.00E+00,0.00E+00,0.00E+00,0.00E+00,0.00E+00,0.00E+00,0.00E+00,0.00E+00,0.00E+00,0.00E+00,0.00E+00,0.00E+00,0.00E+00,0.00E+00,0.00E+00,0.00E+00,0.00E+00,0.00E+00,0.00E+00,0.00E+00,0.00E+00,0.00E+00,0.00E+00,0.00E+00,2.62E-02,4.79E-01,1.00E+02,9.50E-01,4.21E-01,5.52E-01,9.37E-01
0.00E+00,0.00E+00,0.00E+00,0.00E+00,0.00E+00,0.00E+00,0.00E+00,0.00E+00,0.00E+00,0.00E+00,0.00E+00,0.00E+00,0.00E+00,0.00E+00,0.00E+00,0.00E+00,0.00E+00,0.00E+00,0.00E+00,0.00E+00,0.00E+00,0.00E+00,0.00E+00,0.00E+00,0.00E+00,0.00E+00,0.00E+00,0.00E+00,0.00E+00,0.00E+00,0.00E+00,0.00E+00,2.56E-02,4.79E-01,1.00E+02,9.50E-01,4.53E-01,5.55E-01,9.55E-01
0.00E+00,0.00E+00,0.00E+00,0.00E+00,0.00E+00,0.00E+00,0.00E+00,0.00E+00,0.00E+00,0.00E+00,0.00E+00,0.00E+00,0.00E+00,0.00E+00,0.00E+00,0.00E+00,0.00E+00,0.00E+00,0.00E+00,0.00E+00,0.00E+00,0.00E+00,0.00E+00,0.00E+00,0.00E+00,0.00E+00,0.00E+00,0.00E+00,0.00E+00,0.00E+00,0.00E+00,0.00E+00,2.07E-02,4.79E-01,1.00E+02,9.50E-01,5.16E-01,5.40E-01,9.92E-01
0.00E+00,0.00E+00,0.00E+00,0.00E+00,0.00E+00,0.00E+00,0.00E+00,0.00E+00,0.00E+00,0.00E+00,0.00E+00,0.00E+00,0.00E+00,0.00E+00,0.00E+00,0.00E+00,0.00E+00,0.00E+00,0.00E+00,0.00E+00,0.00E+00,0.00E+00,0.00E+00,0.00E+00,0.00E+00,0.00E+00,0.00E+00,0.00E+00,0.00E+00,0.00E+00,0.00E+00,0.00E+00,3.66E-02,4.79E-01,1.00E+02,9.50E-01,4.75E-01,5.15E-01,9.86E-01
0.00E+00,0.00E+00,0.00E+00,0.00E+00,0.00E+00,0.00E+00,0.00E+00,0.00E+00,0.00E+00,0.00E+00,0.00E+00,0.00E+00,0.00E+00,0.00E+00,0.00E+00,0.00E+00,0.00E+00,0.00E+00,0.00E+00,0.00E+00,0.00E+00,0.00E+00,0.00E+00,0.00E+00,0.00E+00,0.00E+00,0.00E+00,0.00E+00,0.00E+00,0.00E+00,0.00E+00,0.00E+00,1.88E-02,4.79E-01,1.00E+02,9.50E-01,4.71E-01,5.44E-01,9.71E-01
0.00E+00,0.00E+00,0.00E+00,0.00E+00,0.00E+00,0.00E+00,0.00E+00,0.00E+00,0.00E+00,0.00E+00,0.00E+00,0.00E+00,0.00E+00,0.00E+00,0.00E+00,0.00E+00,0.00E+00,0.00E+00,0.00E+00,0.00E+00,0.00E+00,0.00E+00,0.00E+00,0.00E+00,0.00E+00,0.00E+00,0.00E+00,0.00E+00,0.00E+00,0.00E+00,0.00E+00,0.00E+00,2.62E-02,4.79E-01,1.00E+02,9.50E-01,3.90E-01,5.56E-01,9.17E-01
0.00E+00,0.00E+00,0.00E+00,0.00E+00,0.00E+00,0.00E+00,0.00E+00,0.00E+00,0.00E+00,0.00E+00,0.00E+00,0.00E+00,0.00E+00,0.00E+00,0.00E+00,0.00E+00,0.00E+00,0.00E+00,0.00E+00,0.00E+00,0.00E+00,0.00E+00,0.00E+00,0.00E+00,0.00E+00,0.00E+00,0.00E+00,0.00E+00,0.00E+00,0.00E+00,0.00E+00,0.00E+00,1.22E-02,4.79E-01,1.00E+02,9.50E-01,3.94E-01,4.83E-01,9.38E-01
0.00E+00,0.00E+00,0.00E+00,0.00E+00,0.00E+00,0.00E+00,0.00E+00,0.00E+00,0.00E+00,0.00E+00,0.00E+00,0.00E+00,0.00E+00,0.00E+00,0.00E+00,0.00E+00,0.00E+00,0.00E+00,0.00E+00,0.00E+00,0.00E+00,0.00E+00,0.00E+00,0.00E+00,0.00E+00,0.00E+00,0.00E+00,0.00E+00,0.00E+00,0.00E+00,0.00E+00,0.00E+00,2.10E-02,4.79E-01,1.00E+02,9.50E-01,3.21E-01,4.91E-01,8.89E-01
4.47E+01,4.24E+01,4.63E+01,5.10E+01,5.06E+01,4.67E+01,4.71E+01,4.78E+01,4.71E+01,4.71E+01,5.33E+01,5.69E+01,5.65E+01,5.61E+01,5.02E+01,4.90E+01,4.95E+01,4.95E+01,4.95E+01,4.95E+01,4.95E+01,4.95E+01,4.95E+01,4.95E+01,4.95E+01,4.95E+01,4.95E+01,4.95E+01,4.95E+01,4.95E+01,4.95E+01,4.95E+01,1.99E-02,4.79E-01,1.00E+02,9.50E-01,5.61E-01,5.61E-01,1.00E+00
4.51E+01,4.35E+01,4.31E+01,4.94E+01,5.88E+01,6.24E+01,6.00E+01,5.53E+01,5.25E+01,5.29E+01,5.41E+01,5.22E+01,5.06E+01,4.75E+01,4.39E+01,4.59E+01,5.11E+01,5.11E+01,5.11E+01,5.11E+01,5.11E+01,5.11E+01,5.11E+01,5.11E+01,5.11E+01,5.11E+01,5.11E+01,5.11E+01,5.11E+01,5.11E+01,5.11E+01,5.11E+01,2.54E-02,4.79E-01,1.00E+02,9.50E-01,5.59E-01,5.60E-01,1.00E+00
3.76E+01,3.73E+01,4.31E+01,4.31E+01,4.16E+01,3.92E+01,3.37E+01,2.39E+01,1.49E+01,1.57E+01,2.51E+01,3.18E+01,3.49E+01,3.49E+01,2.78E+01,1.92E+01,3.15E+01,3.15E+01,3.15E+01,3.15E+01,3.15E+01,3.15E+01,3.15E+01,3.15E+01,3.15E+01,3.15E+01,3.15E+01,3.15E+01,3.15E+01,3.15E+01,3.15E+01,3.15E+01,2.84E-02,4.79E-01,1.00E+02,9.50E-01,5.51E-01,5.61E-01,9.97E-01
2.24E+01,2.55E+01,3.41E+01,4.31E+01,4.04E+01,3.10E+01,2.20E+01,1.73E+01,1.92E+01,2.20E+01,2.47E+01,2.55E+01,2.82E+01,3.49E+01,3.80E+01,4.16E+01,2.94E+01,2.94E+01,2.94E+01,2.94E+01,2.94E+01,2.94E+01,2.94E+01,2.94E+01,2.94E+01,2.94E+01,2.94E+01,2.94E+01,2.94E+01,2.94E+01,2.94E+01,2.94E+01,2.40E-02,4.79E-01,1.00E+02,9.50E-01,5.46E-01,5.60E-01,9.95E-01
3.14E+01,2.94E+01,3.10E+01,3.29E+01,3.06E+01,2.24E+01,2.12E+01,2.47E+01,2.59E+01,2.00E+01,2.20E+01,2.43E+01,2.24E+01,1.33E+01,0.00E+00,1.45E+01,2.29E+01,2.29E+01,2.29E+01,2.29E+01,2.29E+01,2.29E+01,2.29E+01,2.29E+01,2.29E+01,2.29E+01,2.29E+01,2.29E+01,2.29E+01,2.29E+01,2.29E+01,2.29E+01,2.56E-02,4.79E-01,1.00E+02,9.50E-01,5.45E-01,5.60E-01,9.95E-01
4.86E+01,3.84E+01,3.29E+01,3.29E+01,3.61E+01,3.96E+01,4.51E+01,4.43E+01,4.39E+01,3.80E+01,3.33E+01,2.75E+01,2.51E+01,2.31E+01,2.04E+01,2.82E+01,3.49E+01,3.49E+01,3.49E+01,3.49E+01,3.49E+01,3.49E+01,3.49E+01,3.49E+01,3.49E+01,3.49E+01,3.49E+01,3.49E+01,3.49E+01,3.49E+01,3.49E+01,3.49E+01,2.46E-02,4.79E-01,1.00E+02,9.50E-01,5.58E-01,5.61E-01,9.99E-01
2.27E+01,1.22E+01,0.00E+00,0.00E+00,0.00E+00,0.00E+00,0.00E+00,0.00E+00,1.18E+01,2.78E+01,3.25E+01,3.18E+01,2.90E+01,2.86E+01,3.14E+01,3.88E+01,1.67E+01,1.67E+01,1.67E+01,1.67E+01,1.67E+01,1.67E+01,1.67E+01,1.67E+01,1.67E+01,1.67E+01,1.67E+01,1.67E+01,1.67E+01,1.67E+01,1.67E+01,1.67E+01,3.88E-02,4.79E-01,1.00E+02,9.50E-01,4.81E-01,5.60E-01,9.67E-01
2.59E+01,2.47E+01,1.88E+01,0.00E+00,0.00E+00,1.49E+01,2.39E+01,2.47E+01,1.88E+01,0.00E+00,0.00E+00,9.02E+00,2.04E+01,2.55E+01,3.10E+01,3.37E+01,1.70E+01,1.70E+01,1.70E+01,1.70E+01,1.70E+01,1.70E+01,1.70E+01,1.70E+01,1.70E+01,1.70E+01,1.70E+01,1.70E+01,1.70E+01,1.70E+01,1.70E+01,1.70E+01,2.85E-02,4.79E-01,1.00E+02,9.50E-01,5.34E-01,5.57E-01,9.92E-01
4.35E+01,4.82E+01,4.75E+01,4.27E+01,4.12E+01,4.39E+01,4.31E+01,4.27E+01,4.04E+01,3.33E+01,2.90E+01,2.04E+01,1.49E+01,0.00E+00,1.49E+01,2.35E+01,3.31E+01,3.31E+01,3.31E+01,3.31E+01,3.31E+01,3.31E+01,3.31E+01,3.31E+01,3.31E+01,3.31E+01,3.31E+01,3.31E+01,3.31E+01,3.31E+01,3.31E+01,3.31E+01,2.33E-02,4.79E-01,1.00E+02,9.50E-01,5.55E-01,5.61E-01,9.98E-01
5.14E+01,5.10E+01,4.31E+01,3.25E+01,2.67E+01,2.63E+01,2.63E+01,2.63E+01,2.82E+01,2.86E+01,2.67E+01,2.39E+01,2.20E+01,2.43E+01,2.59E+01,2.71E+01,3.06E+01,3.06E+01,3.06E+01,3.06E+01,3.06E+01,3.06E+01,3.06E+01,3.06E+01,3.06E+01,3.06E+01,3.06E+01,3.06E+01,3.06E+01,3.06E+01,3.06E+01,3.06E+01,1.84E-02,4.79E-01,1.00E+02,9.50E-01,5.58E-01,5.60E-01,9.99E-01
8.63E+00,0.00E+00,0.00E+00,0.00E+00,1.76E+01,2.43E+01,2.63E+01,2.47E+01,2.67E+01,3.41E+01,4.59E+01,5.33E+01,5.29E+01,4.67E+01,4.55E+01,5.29E+01,2.87E+01,2.87E+01,2.87E+01,2.87E+01,2.87E+01,2.87E+01,2.87E+01,2.87E+01,2.87E+01,2.87E+01,2.87E+01,2.87E+01,2.87E+01,2.87E+01,2.87E+01,2.87E+01,3.08E-02,4.79E-01,1.00E+02,9.50E-01,5.54E-01,5.59E-01,9.98E-01
3.76E+01,3.84E+01,3.37E+01,2.43E+01,2.35E+01,2.59E+01,2.94E+01,2.71E+01,1.65E+01,1.33E+01,1.76E+01,2.00E+01,1.84E+01,1.53E+01,1.18E+01,2.67E+01,2.37E+01,2.37E+01,2.37E+01,2.37E+01,2.37E+01,2.37E+01,2.37E+01,2.37E+01,2.37E+01,2.37E+01,2.37E+01,2.37E+01,2.37E+01,2.37E+01,2.37E+01,2.37E+01,2.13E-02,4.79E-01,1.00E+02,9.50E-01,5.55E-01,5.60E-01,9.98E-01
1.25E+01,1.61E+01,3.02E+01,3.80E+01,4.16E+01,3.96E+01,3.53E+01,2.35E+01,8.63E+00,8.24E+00,1.57E+01,2.59E+01,3.29E+01,3.29E+01,2.94E+01,2.27E+01,2.58E+01,2.58E+01,2.58E+01,2.58E+01,2.58E+01,2.58E+01,2.58E+01,2.58E+01,2.58E+01,2.58E+01,2.58E+01,2.58E+01,2.58E+01,2.58E+01,2.58E+01,2.58E+01,1.85E-02,4.79E-01,1.00E+02,9.50E-01,5.54E-01,5.60E-01,9.98E-01
1.33E+01,1.92E+01,2.51E+01,2.55E+01,2.12E+01,2.00E+01,2.47E+01,2.55E+01,1.96E+01,2.08E+01,2.16E+01,2.51E+01,2.90E+01,2.90E+01,2.82E+01,2.51E+01,2.33E+01,2.33E+01,2.33E+01,2.33E+01,2.33E+01,2.33E+01,2.33E+01,2.33E+01,2.33E+01,2.33E+01,2.33E+01,2.33E+01,2.33E+01,2.33E+01,2.33E+01,2.33E+01,1.98E-02,4.79E-01,1.00E+02,9.50E-01,5.48E-01,5.60E-01,9.96E-01
2.31E+01,2.24E+01,2.47E+01,2.78E+01,2.59E+01,1.92E+01,0.00E+00,0.00E+00,0.00E+00,0.00E+00,0.00E+00,0.00E+00,0.00E+00,0.00E+00,2.47E+01,2.51E+01,1.21E+01,1.21E+01,1.21E+01,1.21E+01,1.21E+01,1.21E+01,1.21E+01,1.21E+01,1.21E+01,1.21E+01,1.21E+01,1.21E+01,1.21E+01,1.21E+01,1.21E+01,1.21E+01,3.57E-02,4.79E-01,1.00E+02,9.50E-01,5.09E-01,5.61E-01,9.80E-01
5.14E+01,5.65E+01,6.67E+01,6.59E+01,6.08E+01,5.37E+01,5.53E+01,6.24E+01,6.04E+01,5.96E+01,6.04E+01,6.47E+01,6.90E+01,6.78E+01,6.51E+01,6.39E+01,6.15E+01,6.15E+01,6.15E+01,6.15E+01,6.15E+01,6.15E+01,6.15E+01,6.15E+01,6.15E+01,6.15E+01,6.15E+01,6.15E+01,6.15E+01,6.15E+01,6.15E+01,6.15E+01,2.49E-02,4.79E-01,1.00E+02,9.50E-01,5.60E-01,5.60E-01,1.00E+00
3.92E+01,4.63E+01,5.37E+01,6.04E+01,6.63E+01,7.18E+01,7.22E+01,6.86E+01,6.90E+01,6.78E+01,6.90E+01,6.82E+01,6.90E+01,6.59E+01,6.27E+01,5.84E+01,6.30E+01,6.30E+01,6.30E+01,6.30E+01,6.30E+01,6.30E+01,6.30E+01,6.30E+01,6.30E+01,6.30E+01,6.30E+01,6.30E+01,6.30E+01,6.30E+01,6.30E+01,6.30E+01,2.87E-02,4.79E-01,1.00E+02,9.50E-01,5.60E-01,5.60E-01,1.00E+00
4.55E+01,4.67E+01,4.98E+01,5.14E+01,5.33E+01,5.25E+01,5.14E+01,5.02E+01,4.47E+01,4.59E+01,4.47E+01,4.47E+01,4.67E+01,4.51E+01,3.80E+01,2.75E+01,4.61E+01,4.61E+01,4.61E+01,4.61E+01,4.61E+01,4.61E+01,4.61E+01,4.61E+01,4.61E+01,4.61E+01,4.61E+01,4.61E+01,4.61E+01,4.61E+01,4.61E+01,4.61E+01,1.73E-02,4.79E-01,1.00E+02,9.50E-01,5.60E-01,5.61E-01,1.00E+00
5.53E+01,5.29E+01,4.98E+01,4.59E+01,4.67E+01,4.63E+01,5.18E+01,5.45E+01,4.86E+01,4.90E+01,4.35E+01,4.47E+01,4.47E+01,4.55E+01,4.12E+01,3.88E+01,4.75E+01,4.75E+01,4.75E+01,4.75E+01,4.75E+01,4.75E+01,4.75E+01,4.75E+01,4.75E+01,4.75E+01,4.75E+01,4.75E+01,4.75E+01,4.75E+01,4.75E+01,4.75E+01,1.87E-02,4.79E-01,1.00E+02,9.50E-01,5.58E-01,5.60E-01,9.99E-01
3.57E+01,4.20E+01,4.51E+01,4.94E+01,5.14E+01,5.14E+01,4.98E+01,4.27E+01,3.84E+01,3.84E+01,3.96E+01,4.67E+01,5.14E+01,5.22E+01,5.14E+01,5.33E+01,4.62E+01,4.62E+01,4.62E+01,4.62E+01,4.62E+01,4.62E+01,4.62E+01,4.62E+01,4.62E+01,4.62E+01,4.62E+01,4.62E+01,4.62E+01,4.62E+01,4.62E+01,4.62E+01,2.39E-02,4.79E-01,1.00E+02,9.50E-01,5.60E-01,5.61E-01,1.00E+00
3.57E+01,4.82E+01,5.57E+01,6.27E+01,6.20E+01,5.76E+01,4.47E+01,3.18E+01,2.98E+01,4.24E+01,4.78E+01,5.06E+01,5.22E+01,4.78E+01,4.63E+01,4.55E+01,4.75E+01,4.75E+01,4.75E+01,4.75E+01,4.75E+01,4.75E+01,4.75E+01,4.75E+01,4.75E+01,4.75E+01,4.75E+01,4.75E+01,4.75E+01,4.75E+01,4.75E+01,4.75E+01,2.70E-02,4.79E-01,1.00E+02,9.50E-01,5.56E-01,5.60E-01,9.99E-01
3.41E+01,3.76E+01,4.27E+01,4.59E+01,4.71E+01,4.08E+01,3.25E+01,2.75E+01,2.51E+01,2.63E+01,2.71E+01,2.94E+01,3.37E+01,3.37E+01,3.25E+01,3.22E+01,3.43E+01,3.43E+01,3.43E+01,3.43E+01,3.43E+01,3.43E+01,3.43E+01,3.43E+01,3.43E+01,3.43E+01,3.43E+01,3.43E+01,3.43E+01,3.43E+01,3.43E+01,3.43E+01,2.03E-02,4.79E-01,1.00E+02,9.50E-01,5.59E-01,5.62E-01,9.99E-01
1.10E+01,1.33E+01,2.55E+01,2.67E+01,3.10E+01,4.51E+01,4.94E+01,4.51E+01,3.49E+01,2.94E+01,3.53E+01,3.88E+01,3.73E+01,3.76E+01,3.96E+01,4.75E+01,3.42E+01,3.42E+01,3.42E+01,3.42E+01,3.42E+01,3.42E+01,3.42E+01,3.42E+01,3.42E+01,3.42E+01,3.42E+01,3.42E+01,3.42E+01,3.42E+01,3.42E+01,3.42E+01,2.20E-02,4.79E-01,1.00E+02,9.50E-01,5.56E-01,5.60E-01,9.99E-01
5.49E+01,5.73E+01,6.00E+01,6.16E+01,6.43E+01,6.20E+01,6.43E+01,6.31E+01,6.08E+01,5.92E+01,5.41E+01,5.41E+01,5.65E+01,5.96E+01,5.80E+01,5.33E+01,5.89E+01,5.89E+01,5.89E+01,5.89E+01,5.89E+01,5.89E+01,5.89E+01,5.89E+01,5.89E+01,5.89E+01,5.89E+01,5.89E+01,5.89E+01,5.89E+01,5.89E+01,5.89E+01,1.65E-02,4.79E-01,1.00E+02,9.50E-01,5.60E-01,5.61E-01,1.00E+00
4.39E+01,4.82E+01,6.00E+01,5.69E+01,4.78E+01,4.39E+01,4.12E+01,3.73E+01,3.25E+01,3.10E+01,3.37E+01,3.80E+01,3.41E+01,3.06E+01,3.65E+01,4.16E+01,4.11E+01,4.11E+01,4.11E+01,4.11E+01,4.11E+01,4.11E+01,4.11E+01,4.11E+01,4.11E+01,4.11E+01,4.11E+01,4.11E+01,4.11E+01,4.11E+01,4.11E+01,4.11E+01,2.37E-02,4.79E-01,1.00E+02,9.50E-01,5.59E-01,5.61E-01,9.99E-01
4.51E+01,4.12E+01,3.80E+01,4.00E+01,4.67E+01,4.82E+01,4.67E+01,4.75E+01,4.55E+01,4.86E+01,4.71E+01,4.35E+01,4.12E+01,4.20E+01,4.16E+01,4.78E+01,4.44E+01,4.44E+01,4.44E+01,4.44E+01,4.44E+01,4.44E+01,4.44E+01,4.44E+01,4.44E+01,4.44E+01,4.44E+01,4.44E+01,4.44E+01,4.44E+01,4.44E+01,4.44E+01,1.53E-02,4.79E-01,1.00E+02,9.50E-01,5.61E-01,5.60E-01,1.00E+00
4.51E+01,4.20E+01,3.61E+01,3.88E+01,4.12E+01,4.31E+01,4.20E+01,3.80E+01,3.25E+01,3.65E+01,4.55E+01,4.90E+01,4.55E+01,4.12E+01,3.49E+01,2.78E+01,4.00E+01,4.00E+01,4.00E+01,4.00E+01,4.00E+01,4.00E+01,4.00E+01,4.00E+01,4.00E+01,4.00E+01,4.00E+01,4.00E+01,4.00E+01,4.00E+01,4.00E+01,4.00E+01,2.12E-02,4.79E-01,1.00E+02,9.50E-01,5.59E-01,5.60E-01,9.99E-01
4.31E+01,4.43E+01,4.63E+01,4.63E+01,3.92E+01,2.86E+01,2.86E+01,4.00E+01,4.55E+01,5.10E+01,5.49E+01,5.53E+01,5.37E+01,5.25E+01,4.71E+01,4.27E+01,4.50E+01,4.50E+01,4.50E+01,4.50E+01,4.50E+01,4.50E+01,4.50E+01,4.50E+01,4.50E+01,4.50E+01,4.50E+01,4.50E+01,4.50E+01,4.50E+01,4.50E+01,4.50E+01,2.10E-02,4.79E-01,1.00E+02,9.50E-01,5.60E-01,5.61E-01,1.00E+00
5.18E+01,5.02E+01,4.86E+01,4.63E+01,4.82E+01,4.20E+01,4.12E+01,4.78E+01,5.18E+01,5.22E+01,5.06E+01,4.94E+01,5.02E+01,4.59E+01,4.63E+01,4.71E+01,4.81E+01,4.81E+01,4.81E+01,4.81E+01,4.81E+01,4.81E+01,4.81E+01,4.81E+01,4.81E+01,4.81E+01,4.81E+01,4.81E+01,4.81E+01,4.81E+01,4.81E+01,4.81E+01,1.85E-02,4.79E-01,1.00E+02,9.50E-01,5.60E-01,5.61E-01,1.00E+00
4.67E+01,4.98E+01,4.39E+01,3.73E+01,3.73E+01,4.35E+01,4.59E+01,4.00E+01,3.80E+01,3.92E+01,4.27E+01,4.43E+01,4.24E+01,3.29E+01,3.10E+01,3.06E+01,4.03E+01,4.03E+01,4.03E+01,4.03E+01,4.03E+01,4.03E+01,4.03E+01,4.03E+01,4.03E+01,4.03E+01,4.03E+01,4.03E+01,4.03E+01,4.03E+01,4.03E+01,4.03E+01,2.63E-02,4.79E-01,1.00E+02,9.50E-01,5.59E-01,5.61E-01,9.99E-01
5.22E+01,4.98E+01,4.86E+01,5.33E+01,5.80E+01,6.90E+01,7.73E+01,7.96E+01,7.73E+01,7.06E+01,6.35E+01,6.08E+01,5.88E+01,5.73E+01,5.25E+01,5.06E+01,6.12E+01,6.12E+01,6.12E+01,6.12E+01,6.12E+01,6.12E+01,6.12E+01,6.12E+01,6.12E+01,6.12E+01,6.12E+01,6.12E+01,6.12E+01,6.12E+01,6.12E+01,6.12E+01,2.66E-02,4.79E-01,1.00E+02,9.50E-01,5.60E-01,5.61E-01,1.00E+00
5.45E+01,5.33E+01,4.98E+01,4.90E+01,5.06E+01,5.61E+01,6.00E+01,6.55E+01,6.82E+01,6.71E+01,6.67E+01,6.67E+01,6.16E+01,5.76E+01,5.57E+01,5.49E+01,5.86E+01,5.86E+01,5.86E+01,5.86E+01,5.86E+01,5.86E+01,5.86E+01,5.86E+01,5.86E+01,5.86E+01,5.86E+01,5.86E+01,5.86E+01,5.86E+01,5.86E+01,5.86E+01,2.33E-02,4.79E-01,1.00E+02,9.50E-01,5.60E-01,5.61E-01,1.00E+00
4.51E+01,4.63E+01,4.78E+01,4.43E+01,4.51E+01,4.90E+01,4.98E+01,5.10E+01,5.10E+01,4.78E+01,4.27E+01,4.71E+01,4.75E+01,4.47E+01,4.00E+01,3.45E+01,4.59E+01,4.59E+01,4.59E+01,4.59E+01,4.59E+01,4.59E+01,4.59E+01,4.59E+01,4.59E+01,4.59E+01,4.59E+01,4.59E+01,4.59E+01,4.59E+01,4.59E+01,4.59E+01,2.29E-02,4.79E-01,1.00E+02,9.50E-01,5.59E-01,5.60E-01,9.99E-01
4.82E+01,5.10E+01,4.90E+01,5.02E+01,5.02E+01,4.98E+01,4.98E+01,5.53E+01,5.41E+01,5.02E+01,4.55E+01,4.63E+01,5.14E+01,4.94E+01,4.31E+01,4.35E+01,4.92E+01,4.92E+01,4.92E+01,4.92E+01,4.92E+01,4.92E+01,4.92E+01,4.92E+01,4.92E+01,4.92E+01,4.92E+01,4.92E+01,4.92E+01,4.92E+01,4.92E+01,4.92E+01,2.04E-02,4.79E-01,1.00E+02,9.50E-01,5.60E-01,5.60E-01,1.00E+00
3.33E+01,3.61E+01,4.12E+01,4.47E+01,4.98E+01,5.14E+01,4.63E+01,4.12E+01,3.65E+01,3.65E+01,4.24E+01,4.90E+01,5.37E+01,5.92E+01,6.00E+01,5.61E+01,4.61E+01,4.61E+01,4.61E+01,4.61E+01,4.61E+01,4.61E+01,4.61E+01,4.61E+01,4.61E+01,4.61E+01,4.61E+01,4.61E+01,4.61E+01,4.61E+01,4.61E+01,4.61E+01,2.38E-02,4.79E-01,1.00E+02,9.50E-01,5.60E-01,5.61E-01,1.00E+00
5.57E+01,6.20E+01,6.71E+01,6.55E+01,5.41E+01,4.24E+01,4.31E+01,4.20E+01,4.08E+01,3.69E+01,3.65E+01,4.55E+01,5.53E+01,5.69E+01,5.49E+01,4.90E+01,5.05E+01,5.05E+01,5.05E+01,5.05E+01,5.05E+01,5.05E+01,5.05E+01,5.05E+01,5.05E+01,5.05E+01,5.05E+01,5.05E+01,5.05E+01,5.05E+01,5.05E+01,5.05E+01,2.58E-02,4.79E-01,1.00E+02,9.50E-01,5.60E-01,5.61E-01,1.00E+00
5.53E+01,5.69E+01,5.57E+01,5.18E+01,4.47E+01,4.04E+01,5.18E+01,5.76E+01,5.57E+01,4.86E+01,4.31E+01,3.84E+01,4.08E+01,4.67E+01,4.86E+01,5.22E+01,4.93E+01,4.93E+01,4.93E+01,4.93E+01,4.93E+01,4.93E+01,4.93E+01,4.93E+01,4.93E+01,4.93E+01,4.93E+01,4.93E+01,4.93E+01,4.93E+01,4.93E+01,4.93E+01,2.34E-02,4.79E-01,1.00E+02,9.50E-01,5.59E-01,5.61E-01,1.00E+00
3.92E+01,3.76E+01,3.69E+01,3.69E+01,4.39E+01,4.27E+01,4.67E+01,4.63E+01,4.35E+01,4.51E+01,4.20E+01,4.31E+01,4.12E+01,3.45E+01,2.94E+01,3.02E+01,4.00E+01,4.00E+01,4.00E+01,4.00E+01,4.00E+01,4.00E+01,4.00E+01,4.00E+01,4.00E+01,4.00E+01,4.00E+01,4.00E+01,4.00E+01,4.00E+01,4.00E+01,4.00E+01,2.35E-02,4.79E-01,1.00E+02,9.50E-01,5.59E-01,5.60E-01,1.00E+00
5.76E+01,5.84E+01,5.61E+01,5.61E+01,5.65E+01,5.57E+01,6.12E+01,6.35E+01,6.24E+01,5.73E+01,5.18E+01,4.75E+01,4.39E+01,4.24E+01,4.51E+01,5.25E+01,5.42E+01,5.42E+01,5.42E+01,5.42E+01,5.42E+01,5.42E+01,5.42E+01,5.42E+01,5.42E+01,5.42E+01,5.42E+01,5.42E+01,5.42E+01,5.42E+01,5.42E+01,5.42E+01,1.98E-02,4.79E-01,1.00E+02,9.50E-01,5.59E-01,5.61E-01,9.99E-01
5.57E+01,5.65E+01,4.98E+01,4.04E+01,3.22E+01,2.59E+01,2.86E+01,3.22E+01,3.69E+01,4.27E+01,4.71E+01,5.45E+01,5.37E+01,4.59E+01,3.61E+01,3.18E+01,4.19E+01,4.19E+01,4.19E+01,4.19E+01,4.19E+01,4.19E+01,4.19E+01,4.19E+01,4.19E+01,4.19E+01,4.19E+01,4.19E+01,4.19E+01,4.19E+01,4.19E+01,4.19E+01,2.26E-02,4.79E-01,1.00E+02,9.50E-01,5.57E-01,5.61E-01,9.98E-01
4.51E+01,4.04E+01,3.22E+01,3.41E+01,4.24E+01,4.67E+01,4.67E+01,4.51E+01,4.31E+01,4.55E+01,5.29E+01,5.92E+01,5.76E+01,5.25E+01,4.94E+01,5.22E+01,4.66E+01,4.66E+01,4.66E+01,4.66E+01,4.66E+01,4.66E+01,4.66E+01,4.66E+01,4.66E+01,4.66E+01,4.66E+01,4.66E+01,4.66E+01,4.66E+01,4.66E+01,4.66E+01,2.74E-02,4.79E-01,1.00E+02,9.50E-01,5.60E-01,5.61E-01,1.00E+00
5.96E+01,5.76E+01,5.61E+01,5.02E+01,4.35E+01,3.22E+01,2.27E+01,3.53E+01,4.04E+01,4.12E+01,4.16E+01,3.84E+01,3.33E+01,2.98E+01,3.18E+01,3.45E+01,4.05E+01,4.05E+01,4.05E+01,4.05E+01,4.05E+01,4.05E+01,4.05E+01,4.05E+01,4.05E+01,4.05E+01,4.05E+01,4.05E+01,4.05E+01,4.05E+01,4.05E+01,4.05E+01,2.44E-02,4.79E-01,1.00E+02,9.50E-01,5.59E-01,5.61E-01,9.99E-01
3.73E+01,3.88E+01,4.04E+01,4.67E+01,4.63E+01,3.96E+01,3.61E+01,3.92E+01,4.51E+01,4.82E+01,5.22E+01,5.25E+01,4.75E+01,4.47E+01,4.55E+01,5.14E+01,4.45E+01,4.45E+01,4.45E+01,4.45E+01,4.45E+01,4.45E+01,4.45E+01,4.45E+01,4.45E+01,4.45E+01,4.45E+01,4.45E+01,4.45E+01,4.45E+01,4.45E+01,4.45E+01,2.54E-02,4.79E-01,1.00E+02,9.50E-01,5.59E-01,5.60E-01,1.00E+00
4.82E+01,5.14E+01,5.57E+01,5.69E+01,6.08E+01,5.65E+01,5.41E+01,5.33E+01,5.29E+01,4.75E+01,3.92E+01,3.65E+01,4.39E+01,5.02E+01,5.06E+01,4.90E+01,5.04E+01,5.04E+01,5.04E+01,5.04E+01,5.04E+01,5.04E+01,5.04E+01,5.04E+01,5.04E+01,5.04E+01,5.04E+01,5.04E+01,5.04E+01,5.04E+01,5.04E+01,5.04E+01,1.88E-02,4.79E-01,1.00E+02,9.50E-01,5.60E-01,5.60E-01,1.00E+00
4.20E+01,4.59E+01,4.75E+01,4.98E+01,4.67E+01,3.61E+01,2.90E+01,3.73E+01,4.12E+01,4.82E+01,5.22E+01,5.41E+01,5.45E+01,4.75E+01,4.08E+01,4.27E+01,4.47E+01,4.47E+01,4.47E+01,4.47E+01,4.47E+01,4.47E+01,4.47E+01,4.47E+01,4.47E+01,4.47E+01,4.47E+01,4.47E+01,4.47E+01,4.47E+01,4.47E+01,4.47E+01,2.82E-02,4.79E-01,1.00E+02,9.50E-01,5.58E-01,5.60E-01,9.99E-01
4.75E+01,4.63E+01,4.67E+01,4.75E+01,5.22E+01,5.69E+01,6.71E+01,7.02E+01,6.67E+01,5.65E+01,5.10E+01,4.90E+01,4.94E+01,5.06E+01,5.18E+01,5.49E+01,5.40E+01,5.40E+01,5.40E+01,5.40E+01,5.40E+01,5.40E+01,5.40E+01,5.40E+01,5.40E+01,5.40E+01,5.40E+01,5.40E+01,5.40E+01,5.40E+01,5.40E+01,5.40E+01,1.80E-02,4.79E-01,1.00E+02,9.50E-01,5.59E-01,5.61E-01,1.00E+00
2.94E+01,2.75E+01,2.86E+01,3.10E+01,4.08E+01,4.78E+01,5.88E+01,6.75E+01,6.86E+01,6.63E+01,6.24E+01,5.96E+01,6.43E+01,6.86E+01,7.25E+01,6.94E+01,5.39E+01,5.39E+01,5.39E+01,5.39E+01,5.39E+01,5.39E+01,5.39E+01,5.39E+01,5.39E+01,5.39E+01,5.39E+01,5.39E+01,5.39E+01,5.39E+01,5.39E+01,5.39E+01,2.94E-02,4.79E-01,1.00E+02,9.50E-01,5.58E-01,5.61E-01,9.99E-01
5.10E+01,4.39E+01,4.51E+01,4.59E+01,4.51E+01,4.20E+01,4.51E+01,5.29E+01,5.92E+01,5.96E+01,5.53E+01,4.94E+01,4.71E+01,4.98E+01,5.33E+01,5.25E+01,4.98E+01,4.98E+01,4.98E+01,4.98E+01,4.98E+01,4.98E+01,4.98E+01,4.98E+01,4.98E+01,4.98E+01,4.98E+01,4.98E+01,4.98E+01,4.98E+01,4.98E+01,4.98E+01,1.62E-02,4.79E-01,1.00E+02,9.50E-01,5.60E-01,5.61E-01,1.00E+00
4.16E+01,4.00E+01,4.08E+01,4.35E+01,5.22E+01,6.20E+01,6.31E+01,5.57E+01,4.27E+01,3.14E+01,3.65E+01,4.00E+01,4.24E+01,4.55E+01,4.98E+01,6.16E+01,4.68E+01,4.68E+01,4.68E+01,4.68E+01,4.68E+01,4.68E+01,4.68E+01,4.68E+01,4.68E+01,4.68E+01,4.68E+01,4.68E+01,4.68E+01,4.68E+01,4.68E+01,4.68E+01,2.41E-02,4.79E-01,1.00E+02,9.50E-01,5.59E-01,5.61E-01,1.00E+00
6.16E+01,6.51E+01,5.80E+01,4.55E+01,3.02E+01,2.08E+01,2.75E+01,2.98E+01,3.76E+01,4.43E+01,4.63E+01,5.22E+01,5.45E+01,6.00E+01,5.02E+01,4.71E+01,4.57E+01,4.57E+01,4.57E+01,4.57E+01,4.57E+01,4.57E+01,4.57E+01,4.57E+01,4.57E+01,4.57E+01,4.57E+01,4.57E+01,4.57E+01,4.57E+01,4.57E+01,4.57E+01,2.41E-02,4.79E-01,1.00E+02,9.50E-01,5.59E-01,5.61E-01,9.99E-01
4.16E+01,4.59E+01,4.59E+01,4.55E+01,4.47E+01,4.20E+01,4.51E+01,4.71E+01,4.98E+01,5.61E+01,6.20E+01,6.75E+01,7.22E+01,7.14E+01,6.75E+01,6.27E+01,5.42E+01,5.42E+01,5.42E+01,5.42E+01,5.42E+01,5.42E+01,5.42E+01,5.42E+01,5.42E+01,5.42E+01,5.42E+01,5.42E+01,5.42E+01,5.42E+01,5.42E+01,5.42E+01,2.13E-02,4.79E-01,1.00E+02,9.50E-01,5.60E-01,5.61E-01,1.00E+00
5.73E+01,5.96E+01,6.16E+01,6.39E+01,6.47E+01,6.35E+01,6.00E+01,5.29E+01,4.98E+01,4.55E+01,4.82E+01,4.24E+01,3.49E+01,2.98E+01,4.75E+01,5.29E+01,5.22E+01,5.22E+01,5.22E+01,5.22E+01,5.22E+01,5.22E+01,5.22E+01,5.22E+01,5.22E+01,5.22E+01,5.22E+01,5.22E+01,5.22E+01,5.22E+01,5.22E+01,5.22E+01,2.09E-02,4.79E-01,1.00E+02,9.50E-01,5.60E-01,5.60E-01,1.00E+00
2.51E+01,2.78E+01,3.84E+01,3.65E+01,2.86E+01,1.92E+01,1.92E+01,2.16E+01,2.94E+01,4.16E+01,3.96E+01,3.41E+01,2.78E+01,3.53E+01,5.06E+01,5.76E+01,3.33E+01,3.33E+01,3.33E+01,3.33E+01,3.33E+01,3.33E+01,3.33E+01,3.33E+01,3.33E+01,3.33E+01,3.33E+01,3.33E+01,3.33E+01,3.33E+01,3.33E+01,3.33E+01,3.04E-02,4.79E-01,1.00E+02,9.50E-01,5.53E-01,5.59E-01,9.98E-01
4.39E+01,5.22E+01,5.65E+01,5.69E+01,5.65E+01,5.10E+01,4.31E+01,4.04E+01,4.59E+01,5.33E+01,5.49E+01,5.84E+01,5.49E+01,5.18E+01,5.02E+01,4.82E+01,5.11E+01,5.11E+01,5.11E+01,5.11E+01,5.11E+01,5.11E+01,5.11E+01,5.11E+01,5.11E+01,5.11E+01,5.11E+01,5.11E+01,5.11E+01,5.11E+01,5.11E+01,5.11E+01,2.21E-02,4.79E-01,1.00E+02,9.50E-01,5.60E-01,5.61E-01,1.00E+00
4.31E+01,4.24E+01,4.43E+01,4.67E+01,4.39E+01,3.96E+01,3.76E+01,4.00E+01,3.88E+01,4.24E+01,4.86E+01,4.90E+01,4.08E+01,3.76E+01,4.00E+01,4.00E+01,4.22E+01,4.22E+01,4.22E+01,4.22E+01,4.22E+01,4.22E+01,4.22E+01,4.22E+01,4.22E+01,4.22E+01,4.22E+01,4.22E+01,4.22E+01,4.22E+01,4.22E+01,4.22E+01,2.33E-02,4.79E-01,1.00E+02,9.50E-01,5.60E-01,5.61E-01,1.00E+00
3.84E+01,3.69E+01,2.94E+01,2.71E+01,2.90E+01,3.41E+01,4.12E+01,4.94E+01,5.49E+01,5.88E+01,6.00E+01,6.39E+01,6.75E+01,6.94E+01,6.98E+01,6.71E+01,4.98E+01,4.98E+01,4.98E+01,4.98E+01,4.98E+01,4.98E+01,4.98E+01,4.98E+01,4.98E+01,4.98E+01,4.98E+01,4.98E+01,4.98E+01,4.98E+01,4.98E+01,4.98E+01,2.39E-02,4.79E-01,1.00E+02,9.50E-01,5.59E-01,5.61E-01,1.00E+00
5.80E+01,5.10E+01,4.86E+01,5.49E+01,5.53E+01,5.37E+01,5.61E+01,5.92E+01,6.24E+01,6.43E+01,6.39E+01,5.92E+01,5.22E+01,4.75E+01,3.92E+01,4.24E+01,5.42E+01,5.42E+01,5.42E+01,5.42E+01,5.42E+01,5.42E+01,5.42E+01,5.42E+01,5.42E+01,5.42E+01,5.42E+01,5.42E+01,5.42E+01,5.42E+01,5.42E+01,5.42E+01,2.51E-02,4.79E-01,1.00E+02,9.50E-01,5.56E-01,5.59E-01,9.99E-01
3.57E+01,2.67E+01,2.24E+01,2.90E+01,3.61E+01,3.76E+01,3.57E+01,4.12E+01,4.35E+01,4.43E+01,4.39E+01,4.27E+01,4.08E+01,4.04E+01,4.00E+01,4.31E+01,3.77E+01,3.77E+01,3.77E+01,3.77E+01,3.77E+01,3.77E+01,3.77E+01,3.77E+01,3.77E+01,3.77E+01,3.77E+01,3.77E+01,3.77E+01,3.77E+01,3.77E+01,3.77E+01,2.44E-02,4.79E-01,1.00E+02,9.50E-01,5.59E-01,5.60E-01,1.00E+00
5.33E+01,5.49E+01,5.65E+01,6.24E+01,6.47E+01,6.55E+01,6.35E+01,6.16E+01,6.20E+01,5.84E+01,5.06E+01,5.22E+01,5.65E+01,5.80E+01,5.57E+01,4.90E+01,5.78E+01,5.78E+01,5.78E+01,5.78E+01,5.78E+01,5.78E+01,5.78E+01,5.78E+01,5.78E+01,5.78E+01,5.78E+01,5.78E+01,5.78E+01,5.78E+01,5.78E+01,5.78E+01,2.31E-02,4.79E-01,1.00E+02,9.50E-01,5.60E-01,5.61E-01,1.00E+00
5.41E+01,5.37E+01,4.59E+01,3.84E+01,4.24E+01,4.35E+01,4.20E+01,4.47E+01,4.78E+01,4.24E+01,3.18E+01,3.25E+01,3.69E+01,3.92E+01,4.35E+01,4.94E+01,4.30E+01,4.30E+01,4.30E+01,4.30E+01,4.30E+01,4.30E+01,4.30E+01,4.30E+01,4.30E+01,4.30E+01,4.30E+01,4.30E+01,4.30E+01,4.30E+01,4.30E+01,4.30E+01,2.37E-02,4.79E-01,1.00E+02,9.50E-01,5.60E-01,5.61E-01,1.00E+00
5.65E+01,5.61E+01,4.90E+01,4.00E+01,3.29E+01,3.49E+01,4.31E+01,4.94E+01,5.18E+01,5.10E+01,5.14E+01,5.14E+01,4.59E+01,3.76E+01,3.06E+01,3.18E+01,4.46E+01,4.46E+01,4.46E+01,4.46E+01,4.46E+01,4.46E+01,4.46E+01,4.46E+01,4.46E+01,4.46E+01,4.46E+01,4.46E+01,4.46E+01,4.46E+01,4.46E+01,4.46E+01,2.86E-02,4.79E-01,1.00E+02,9.50E-01,5.59E-01,5.60E-01,9.99E-01
5.61E+01,5.33E+01,5.57E+01,5.14E+01,5.18E+01,4.94E+01,4.78E+01,4.35E+01,4.55E+01,5.37E+01,5.88E+01,5.69E+01,5.69E+01,4.86E+01,5.14E+01,5.37E+01,5.22E+01,5.22E+01,5.22E+01,5.22E+01,5.22E+01,5.22E+01,5.22E+01,5.22E+01,5.22E+01,5.22E+01,5.22E+01,5.22E+01,5.22E+01,5.22E+01,5.22E+01,5.22E+01,2.20E-02,4.79E-01,1.00E+02,9.50E-01,5.60E-01,5.61E-01,1.00E+00
4.39E+01,4.63E+01,4.90E+01,5.02E+01,4.98E+01,4.94E+01,5.02E+01,5.45E+01,5.10E+01,4.16E+01,3.65E+01,4.43E+01,4.86E+01,4.78E+01,5.10E+01,4.94E+01,4.77E+01,4.77E+01,4.77E+01,4.77E+01,4.77E+01,4.77E+01,4.77E+01,4.77E+01,4.77E+01,4.77E+01,4.77E+01,4.77E+01,4.77E+01,4.77E+01,4.77E+01,4.77E+01,2.42E-02,4.79E-01,1.00E+02,9.50E-01,5.59E-01,5.60E-01,1.00E+00
4.67E+01,4.86E+01,4.98E+01,4.59E+01,4.20E+01,4.20E+01,4.04E+01,4.43E+01,5.06E+01,5.80E+01,6.43E+01,6.55E+01,5.76E+01,4.90E+01,4.75E+01,4.67E+01,4.99E+01,4.99E+01,4.99E+01,4.99E+01,4.99E+01,4.99E+01,4.99E+01,4.99E+01,4.99E+01,4.99E+01,4.99E+01,4.99E+01,4.99E+01,4.99E+01,4.99E+01,4.99E+01,2.11E-02,4.79E-01,1.00E+02,9.50E-01,5.60E-01,5.61E-01,1.00E+00
4.98E+01,5.10E+01,4.94E+01,5.37E+01,5.61E+01,5.61E+01,4.59E+01,4.24E+01,5.06E+01,6.00E+01,5.84E+01,5.57E+01,4.55E+01,3.69E+01,3.61E+01,3.37E+01,4.88E+01,4.88E+01,4.88E+01,4.88E+01,4.88E+01,4.88E+01,4.88E+01,4.88E+01,4.88E+01,4.88E+01,4.88E+01,4.88E+01,4.88E+01,4.88E+01,4.88E+01,4.88E+01,2.40E-02,4.79E-01,1.00E+02,9.50E-01,5.58E-01,5.61E-01,9.99E-01
3.22E+01,4.00E+01,5.02E+01,5.53E+01,5.22E+01,4.55E+01,3.73E+01,3.25E+01,2.51E+01,2.43E+01,3.57E+01,4.20E+01,4.12E+01,4.08E+01,3.88E+01,3.88E+01,3.95E+01,3.95E+01,3.95E+01,3.95E+01,3.95E+01,3.95E+01,3.95E+01,3.95E+01,3.95E+01,3.95E+01,3.95E+01,3.95E+01,3.95E+01,3.95E+01,3.95E+01,3.95E+01,2.54E-02,4.79E-01,1.00E+02,9.50E-01,5.60E-01,5.61E-01,1.00E+00
4.82E+01,4.67E+01,4.82E+01,5.96E+01,6.51E+01,7.22E+01,7.25E+01,6.04E+01,5.02E+01,4.82E+01,5.18E+01,5.37E+01,5.10E+01,4.71E+01,4.47E+01,4.75E+01,5.42E+01,5.42E+01,5.42E+01,5.42E+01,5.42E+01,5.42E+01,5.42E+01,5.42E+01,5.42E+01,5.42E+01,5.42E+01,5.42E+01,5.42E+01,5.42E+01,5.42E+01,5.42E+01,2.27E-02,4.79E-01,1.00E+02,9.50E-01,5.60E-01,5.61E-01,1.00E+00
5.37E+01,5.84E+01,5.61E+01,5.10E+01,4.63E+01,4.51E+01,5.18E+01,5.37E+01,5.22E+01,4.78E+01,4.82E+01,4.43E+01,3.69E+01,3.92E+01,4.43E+01,4.75E+01,4.85E+01,4.85E+01,4.85E+01,4.85E+01,4.85E+01,4.85E+01,4.85E+01,4.85E+01,4.85E+01,4.85E+01,4.85E+01,4.85E+01,4.85E+01,4.85E+01,4.85E+01,4.85E+01,2.04E-02,4.79E-01,1.00E+02,9.50E-01,5.60E-01,5.61E-01,1.00E+00
5.14E+01,4.08E+01,3.22E+01,3.10E+01,3.92E+01,4.82E+01,5.37E+01,6.20E+01,6.12E+01,5.61E+01,4.90E+01,4.08E+01,3.45E+01,3.45E+01,3.49E+01,3.45E+01,4.40E+01,4.40E+01,4.40E+01,4.40E+01,4.40E+01,4.40E+01,4.40E+01,4.40E+01,4.40E+01,4.40E+01,4.40E+01,4.40E+01,4.40E+01,4.40E+01,4.40E+01,4.40E+01,2.32E-02,4.79E-01,1.00E+02,9.50E-01,5.60E-01,5.61E-01,1.00E+00
4.63E+01,4.75E+01,4.55E+01,3.84E+01,3.73E+01,4.16E+01,4.24E+01,4.04E+01,3.73E+01,3.80E+01,4.08E+01,3.96E+01,3.41E+01,2.59E+01,2.51E+01,3.14E+01,3.82E+01,3.82E+01,3.82E+01,3.82E+01,3.82E+01,3.82E+01,3.82E+01,3.82E+01,3.82E+01,3.82E+01,3.82E+01,3.82E+01,3.82E+01,3.82E+01,3.82E+01,3.82E+01,1.76E-02,4.79E-01,1.00E+02,9.50E-01,5.59E-01,5.60E-01,1.00E+00
5.88E+01,5.61E+01,5.37E+01,5.33E+01,5.61E+01,6.27E+01,6.31E+01,6.20E+01,5.88E+01,5.73E+01,5.84E+01,6.16E+01,6.12E+01,6.12E+01,5.96E+01,6.24E+01,5.91E+01,5.91E+01,5.91E+01,5.91E+01,5.91E+01,5.91E+01,5.91E+01,5.91E+01,5.91E+01,5.91E+01,5.91E+01,5.91E+01,5.91E+01,5.91E+01,5.91E+01,5.91E+01,2.02E-02,4.79E-01,1.00E+02,9.50E-01,5.60E-01,5.61E-01,1.00E+00
6.31E+01,6.08E+01,6.16E+01,6.04E+01,5.29E+01,4.67E+01,4.63E+01,4.51E+01,4.47E+01,4.24E+01,4.47E+01,4.55E+01,4.51E+01,4.82E+01,5.69E+01,5.88E+01,5.14E+01,5.14E+01,5.14E+01,5.14E+01,5.14E+01,5.14E+01,5.14E+01,5.14E+01,5.14E+01,5.14E+01,5.14E+01,5.14E+01,5.14E+01,5.14E+01,5.14E+01,5.14E+01,2.65E-02,4.79E-01,1.00E+02,9.50E-01,5.60E-01,5.61E-01,1.00E+00
3.61E+01,3.49E+01,3.57E+01,4.16E+01,4.55E+01,5.18E+01,5.49E+01,5.29E+01,5.14E+01,4.55E+01,3.65E+01,3.37E+01,3.49E+01,3.61E+01,4.27E+01,4.31E+01,4.23E+01,4.23E+01,4.23E+01,4.23E+01,4.23E+01,4.23E+01,4.23E+01,4.23E+01,4.23E+01,4.23E+01,4.23E+01,4.23E+01,4.23E+01,4.23E+01,4.23E+01,4.23E+01,2.36E-02,4.79E-01,1.00E+02,9.50E-01,5.59E-01,5.60E-01,9.99E-01
3.76E+01,4.63E+01,4.59E+01,4.78E+01,4.90E+01,5.18E+01,6.12E+01,6.51E+01,6.43E+01,5.88E+01,5.45E+01,5.57E+01,5.69E+01,5.49E+01,4.98E+01,4.78E+01,5.30E+01,5.30E+01,5.30E+01,5.30E+01,5.30E+01,5.30E+01,5.30E+01,5.30E+01,5.30E+01,5.30E+01,5.30E+01,5.30E+01,5.30E+01,5.30E+01,5.30E+01,5.30E+01,2.30E-02,4.79E-01,1.00E+02,9.50E-01,5.60E-01,5.60E-01,1.00E+00
4.71E+01,5.41E+01,5.88E+01,6.27E+01,6.27E+01,5.76E+01,4.67E+01,4.43E+01,5.37E+01,5.65E+01,5.76E+01,5.69E+01,5.57E+01,5.49E+01,4.90E+01,4.35E+01,5.39E+01,5.39E+01,5.39E+01,5.39E+01,5.39E+01,5.39E+01,5.39E+01,5.39E+01,5.39E+01,5.39E+01,5.39E+01,5.39E+01,5.39E+01,5.39E+01,5.39E+01,5.39E+01,2.12E-02,4.79E-01,1.00E+02,9.50E-01,5.58E-01,5.60E-01,9.99E-01
3.88E+01,4.12E+01,3.88E+01,4.20E+01,4.51E+01,5.02E+01,4.82E+01,4.04E+01,2.78E+01,2.20E+01,3.02E+01,3.92E+01,4.16E+01,3.84E+01,3.65E+01,3.45E+01,3.84E+01,3.84E+01,3.84E+01,3.84E+01,3.84E+01,3.84E+01,3.84E+01,3.84E+01,3.84E+01,3.84E+01,3.84E+01,3.84E+01,3.84E+01,3.84E+01,3.84E+01,3.84E+01,2.36E-02,4.79E-01,1.00E+02,9.50E-01,5.57E-01,5.61E-01,9.99E-01
5.25E+01,5.49E+01,5.84E+01,6.20E+01,6.27E+01,6.20E+01,5.57E+01,4.51E+01,4.82E+01,5.37E+01,5.49E+01,5.69E+01,5.45E+01,5.33E+01,5.61E+01,5.65E+01,5.55E+01,5.55E+01,5.55E+01,5.55E+01,5.55E+01,5.55E+01,5.55E+01,5.55E+01,5.55E+01,5.55E+01,5.55E+01,5.55E+01,5.55E+01,5.55E+01,5.55E+01,5.55E+01,2.13E-02,4.79E-01,1.00E+02,9.50E-01,5.61E-01,5.61E-01,1.00E+00
7.57E+01,7.41E+01,6.51E+01,5.41E+01,5.41E+01,6.12E+01,6.35E+01,6.24E+01,5.57E+01,5.37E+01,5.73E+01,6.16E+01,6.35E+01,6.31E+01,5.45E+01,4.75E+01,6.04E+01,6.04E+01,6.04E+01,6.04E+01,6.04E+01,6.04E+01,6.04E+01,6.04E+01,6.04E+01,6.04E+01,6.04E+01,6.04E+01,6.04E+01,6.04E+01,6.04E+01,6.04E+01,2.15E-02,4.79E-01,1.00E+02,9.50E-01,5.61E-01,5.61E-01,1.00E+00
4.55E+01,4.47E+01,4.59E+01,4.63E+01,4.55E+01,4.71E+01,4.43E+01,4.39E+01,4.12E+01,4.31E+01,3.84E+01,3.69E+01,4.35E+01,4.98E+01,5.25E+01,5.65E+01,4.53E+01,4.53E+01,4.53E+01,4.53E+01,4.53E+01,4.53E+01,4.53E+01,4.53E+01,4.53E+01,4.53E+01,4.53E+01,4.53E+01,4.53E+01,4.53E+01,4.53E+01,4.53E+01,2.49E-02,4.79E-01,1.00E+02,9.50E-01,5.60E-01,5.61E-01,1.00E+00
5.61E+01,3.96E+01,3.49E+01,4.12E+01,5.06E+01,5.65E+01,5.76E+01,6.27E+01,6.47E+01,6.27E+01,5.96E+01,5.65E+01,5.29E+01,5.18E+01,5.69E+01,5.88E+01,5.39E+01,5.39E+01,5.39E+01,5.39E+01,5.39E+01,5.39E+01,5.39E+01,5.39E+01,5.39E+01,5.39E+01,5.39E+01,5.39E+01,5.39E+01,5.39E+01,5.39E+01,5.39E+01,2.49E-02,4.79E-01,1.00E+02,9.50E-01,5.60E-01,5.61E-01,1.00E+00
3.69E+01,2.86E+01,2.78E+01,2.90E+01,3.22E+01,3.10E+01,2.39E+01,2.08E+01,2.16E+01,1.61E+01,9.02E+00,1.57E+01,2.27E+01,2.78E+01,3.14E+01,3.14E+01,2.54E+01,2.54E+01,2.54E+01,2.54E+01,2.54E+01,2.54E+01,2.54E+01,2.54E+01,2.54E+01,2.54E+01,2.54E+01,2.54E+01,2.54E+01,2.54E+01,2.54E+01,2.54E+01,2.09E-02,4.79E-01,1.00E+02,9.50E-01,5.55E-01,5.59E-01,9.99E-01
4.94E+01,4.43E+01,3.96E+01,3.37E+01,4.35E+01,5.06E+01,5.06E+01,5.10E+01,4.98E+01,6.04E+01,6.90E+01,6.90E+01,6.71E+01,6.31E+01,6.39E+01,6.00E+01,5.41E+01,5.41E+01,5.41E+01,5.41E+01,5.41E+01,5.41E+01,5.41E+01,5.41E+01,5.41E+01,5.41E+01,5.41E+01,5.41E+01,5.41E+01,5.41E+01,5.41E+01,5.41E+01,2.42E-02,4.79E-01,1.00E+02,9.50E-01,5.58E-01,5.61E-01,9.99E-01
6.78E+01,6.86E+01,6.59E+01,6.12E+01,6.20E+01,6.16E+01,6.71E+01,6.27E+01,5.18E+01,4.78E+01,4.71E+01,5.25E+01,5.22E+01,4.86E+01,5.06E+01,5.80E+01,5.78E+01,5.78E+01,5.78E+01,5.78E+01,5.78E+01,5.78E+01,5.78E+01,5.78E+01,5.78E+01,5.78E+01,5.78E+01,5.78E+01,5.78E+01,5.78E+01,5.78E+01,5.78E+01,2.84E-02,4.79E-01,1.00E+02,9.50E-01,5.60E-01,5.61E-01,1.00E+00
4.31E+01,3.96E+01,4.16E+01,4.43E+01,4.47E+01,4.27E+01,3.76E+01,2.82E+01,2.67E+01,3.06E+01,2.90E+01,2.78E+01,2.16E+01,2.20E+01,2.82E+01,2.98E+01,3.36E+01,3.36E+01,3.36E+01,3.36E+01,3.36E+01,3.36E+01,3.36E+01,3.36E+01,3.36E+01,3.36E+01,3.36E+01,3.36E+01,3.36E+01,3.36E+01,3.36E+01,3.36E+01,3.48E-02,4.79E-01,1.00E+02,9.50E-01,5.57E-01,5.61E-01,9.99E-01
5.10E+01,5.22E+01,4.94E+01,4.78E+01,4.63E+01,4.31E+01,4.27E+01,4.47E+01,4.31E+01,4.67E+01,4.71E+01,5.14E+01,5.02E+01,4.63E+01,4.12E+01,4.00E+01,4.64E+01,4.64E+01,4.64E+01,4.64E+01,4.64E+01,4.64E+01,4.64E+01,4.64E+01,4.64E+01,4.64E+01,4.64E+01,4.64E+01,4.64E+01,4.64E+01,4.64E+01,4.64E+01,2.42E-02,4.79E-01,1.00E+02,9.50E-01,5.60E-01,5.60E-01,1.00E+00
6.47E+01,6.35E+01,5.33E+01,5.14E+01,4.86E+01,5.18E+01,5.73E+01,6.55E+01,6.90E+01,6.98E+01,6.55E+01,5.73E+01,5.18E+01,4.94E+01,5.25E+01,5.76E+01,5.81E+01,5.81E+01,5.81E+01,5.81E+01,5.81E+01,5.81E+01,5.81E+01,5.81E+01,5.81E+01,5.81E+01,5.81E+01,5.81E+01,5.81E+01,5.81E+01,5.81E+01,5.81E+01,2.57E-02,4.79E-01,1.00E+02,9.50E-01,5.59E-01,5.61E-01,1.00E+00
4.27E+01,4.08E+01,3.69E+01,3.18E+01,3.14E+01,3.73E+01,3.73E+01,3.61E+01,4.27E+01,4.98E+01,4.86E+01,4.94E+01,4.75E+01,5.18E+01,5.57E+01,5.61E+01,4.35E+01,4.35E+01,4.35E+01,4.35E+01,4.35E+01,4.35E+01,4.35E+01,4.35E+01,4.35E+01,4.35E+01,4.35E+01,4.35E+01,4.35E+01,4.35E+01,4.35E+01,4.35E+01,2.19E-02,4.79E-01,1.00E+02,9.50E-01,5.60E-01,5.60E-01,1.00E+00
4.39E+01,4.67E+01,5.25E+01,5.06E+01,4.71E+01,4.27E+01,4.51E+01,4.86E+01,4.90E+01,4.86E+01,4.55E+01,4.04E+01,4.86E+01,5.33E+01,5.29E+01,4.63E+01,4.76E+01,4.76E+01,4.76E+01,4.76E+01,4.76E+01,4.76E+01,4.76E+01,4.76E+01,4.76E+01,4.76E+01,4.76E+01,4.76E+01,4.76E+01,4.76E+01,4.76E+01,4.76E+01,2.14E-02,4.79E-01,1.00E+02,9.50E-01,5.60E-01,5.61E-01,1.00E+00
3.49E+01,3.06E+01,3.25E+01,3.73E+01,4.04E+01,4.16E+01,4.82E+01,5.65E+01,6.00E+01,5.65E+01,4.27E+01,3.53E+01,3.57E+01,3.69E+01,3.76E+01,3.57E+01,4.14E+01,4.14E+01,4.14E+01,4.14E+01,4.14E+01,4.14E+01,4.14E+01,4.14E+01,4.14E+01,4.14E+01,4.14E+01,4.14E+01,4.14E+01,4.14E+01,4.14E+01,4.14E+01,2.09E-02,4.79E-01,1.00E+02,9.50E-01,5.59E-01,5.61E-01,9.99E-01
5.22E+01,4.98E+01,4.86E+01,4.39E+01,3.92E+01,3.96E+01,4.98E+01,5.49E+01,5.65E+01,5.45E+01,5.10E+01,4.98E+01,4.75E+01,5.49E+01,5.57E+01,5.41E+01,5.01E+01,5.01E+01,5.01E+01,5.01E+01,5.01E+01,5.01E+01,5.01E+01,5.01E+01,5.01E+01,5.01E+01,5.01E+01,5.01E+01,5.01E+01,5.01E+01,5.01E+01,5.01E+01,1.84E-02,4.79E-01,1.00E+02,9.50E-01,5.60E-01,5.61E-01,1.00E+00
4.94E+01,4.24E+01,3.53E+01,2.94E+01,2.86E+01,3.22E+01,3.84E+01,4.08E+01,3.33E+01,3.25E+01,3.37E+01,3.61E+01,3.41E+01,3.10E+01,3.18E+01,3.10E+01,3.50E+01,3.50E+01,3.50E+01,3.50E+01,3.50E+01,3.50E+01,3.50E+01,3.50E+01,3.50E+01,3.50E+01,3.50E+01,3.50E+01,3.50E+01,3.50E+01,3.50E+01,3.50E+01,3.36E-02,4.79E-01,1.00E+02,9.50E-01,5.57E-01,5.61E-01,9.99E-01
5.41E+01,4.94E+01,4.98E+01,5.02E+01,4.86E+01,4.63E+01,4.55E+01,4.24E+01,3.69E+01,3.22E+01,4.12E+01,5.02E+01,6.12E+01,6.35E+01,6.94E+01,6.75E+01,5.05E+01,5.05E+01,5.05E+01,5.05E+01,5.05E+01,5.05E+01,5.05E+01,5.05E+01,5.05E+01,5.05E+01,5.05E+01,5.05E+01,5.05E+01,5.05E+01,5.05E+01,5.05E+01,1.57E-02,4.79E-01,1.00E+02,9.50E-01,5.60E-01,5.60E-01,1.00E+00
6.24E+01,6.43E+01,6.51E+01,6.90E+01,6.59E+01,7.49E+01,7.88E+01,7.88E+01,7.14E+01,5.92E+01,4.35E+01,3.61E+01,4.59E+01,5.88E+01,6.08E+01,5.88E+01,6.21E+01,6.21E+01,6.21E+01,6.21E+01,6.21E+01,6.21E+01,6.21E+01,6.21E+01,6.21E+01,6.21E+01,6.21E+01,6.21E+01,6.21E+01,6.21E+01,6.21E+01,6.21E+01,2.28E-02,4.79E-01,1.00E+02,9.50E-01,5.59E-01,5.61E-01,1.00E+00
4.43E+01,3.84E+01,3.02E+01,2.94E+01,2.78E+01,2.86E+01,2.39E+01,2.59E+01,2.31E+01,2.24E+01,2.71E+01,2.94E+01,3.18E+01,3.29E+01,3.84E+01,4.24E+01,3.10E+01,3.10E+01,3.10E+01,3.10E+01,3.10E+01,3.10E+01,3.10E+01,3.10E+01,3.10E+01,3.10E+01,3.10E+01,3.10E+01,3.10E+01,3.10E+01,3.10E+01,3.10E+01,3.55E-02,4.79E-01,1.00E+02,9.50E-01,5.55E-01,5.58E-01,9.99E-01
6.47E+01,6.08E+01,6.08E+01,6.43E+01,6.71E+01,6.98E+01,6.86E+01,6.63E+01,6.63E+01,6.86E+01,6.90E+01,6.86E+01,7.06E+01,6.78E+01,6.55E+01,6.00E+01,6.62E+01,6.62E+01,6.62E+01,6.62E+01,6.62E+01,6.62E+01,6.62E+01,6.62E+01,6.62E+01,6.62E+01,6.62E+01,6.62E+01,6.62E+01,6.62E+01,6.62E+01,6.62E+01,1.82E-02,4.79E-01,1.00E+02,9.50E-01,5.60E-01,5.61E-01,1.00E+00
4.59E+01,4.00E+01,3.25E+01,2.94E+01,3.18E+01,3.02E+01,2.90E+01,2.39E+01,1.73E+01,2.00E+01,2.51E+01,2.86E+01,2.82E+01,3.29E+01,3.69E+01,3.92E+01,3.07E+01,3.07E+01,3.07E+01,3.07E+01,3.07E+01,3.07E+01,3.07E+01,3.07E+01,3.07E+01,3.07E+01,3.07E+01,3.07E+01,3.07E+01,3.07E+01,3.07E+01,3.07E+01,2.49E-02,4.79E-01,1.00E+02,9.50E-01,5.58E-01,5.61E-01,9.99E-01
4.35E+01,4.63E+01,4.71E+01,4.63E+01,4.00E+01,3.61E+01,3.53E+01,3.88E+01,4.51E+01,4.90E+01,4.78E+01,4.86E+01,5.33E+01,5.57E+01,5.65E+01,6.00E+01,4.68E+01,4.68E+01,4.68E+01,4.68E+01,4.68E+01,4.68E+01,4.68E+01,4.68E+01,4.68E+01,4.68E+01,4.68E+01,4.68E+01,4.68E+01,4.68E+01,4.68E+01,4.68E+01,1.76E-02,4.79E-01,1.00E+02,9.50E-01,5.60E-01,5.60E-01,1.00E+00
6.12E+01,6.55E+01,6.86E+01,7.10E+01,7.57E+01,7.53E+01,7.25E+01,7.18E+01,6.82E+01,6.86E+01,6.59E+01,7.14E+01,7.57E+01,7.18E+01,6.00E+01,4.94E+01,6.83E+01,6.83E+01,6.83E+01,6.83E+01,6.83E+01,6.83E+01,6.83E+01,6.83E+01,6.83E+01,6.83E+01,6.83E+01,6.83E+01,6.83E+01,6.83E+01,6.83E+01,6.83E+01,2.63E-02,4.79E-01,1.00E+02,9.50E-01,5.55E-01,5.60E-01,9.98E-01
1.41E+01,2.00E+01,2.31E+01,2.43E+01,3.10E+01,3.02E+01,3.10E+01,2.86E+01,2.94E+01,3.10E+01,2.82E+01,2.78E+01,2.31E+01,1.69E+01,1.88E+01,2.39E+01,2.51E+01,2.51E+01,2.51E+01,2.51E+01,2.51E+01,2.51E+01,2.51E+01,2.51E+01,2.51E+01,2.51E+01,2.51E+01,2.51E+01,2.51E+01,2.51E+01,2.51E+01,2.51E+01,2.37E-02,4.79E-01,1.00E+02,9.50E-01,5.58E-01,5.60E-01,1.00E+00
4.59E+01,4.31E+01,4.04E+01,4.27E+01,4.78E+01,5.02E+01,4.63E+01,4.00E+01,3.84E+01,3.73E+01,3.65E+01,3.69E+01,4.47E+01,5.18E+01,4.94E+01,4.43E+01,4.35E+01,4.35E+01,4.35E+01,4.35E+01,4.35E+01,4.35E+01,4.35E+01,4.35E+01,4.35E+01,4.35E+01,4.35E+01,4.35E+01,4.35E+01,4.35E+01,4.35E+01,4.35E+01,2.55E-02,4.79E-01,1.00E+02,9.50E-01,5.60E-01,5.60E-01,1.00E+00
6.86E+01,7.10E+01,7.18E+01,7.02E+01,6.39E+01,5.49E+01,5.37E+01,5.88E+01,6.35E+01,6.63E+01,6.31E+01,5.57E+01,4.94E+01,4.16E+01,4.51E+01,4.35E+01,5.88E+01,5.88E+01,5.88E+01,5.88E+01,5.88E+01,5.88E+01,5.88E+01,5.88E+01,5.88E+01,5.88E+01,5.88E+01,5.88E+01,5.88E+01,5.88E+01,5.88E+01,5.88E+01,2.40E-02,4.79E-01,1.00E+02,9.50E-01,5.54E-01,5.60E-01,9.98E-01
2.39E+01,2.12E+01,2.55E+01,2.98E+01,3.06E+01,2.98E+01,2.75E+01,3.18E+01,3.73E+01,3.69E+01,3.33E+01,2.82E+01,3.29E+01,3.65E+01,3.73E+01,2.90E+01,3.07E+01,3.07E+01,3.07E+01,3.07E+01,3.07E+01,3.07E+01,3.07E+01,3.07E+01,3.07E+01,3.07E+01,3.07E+01,3.07E+01,3.07E+01,3.07E+01,3.07E+01,3.07E+01,2.73E-02,4.79E-01,1.00E+02,9.50E-01,5.56E-01,5.60E-01,9.99E-01
6.20E+01,5.84E+01,5.88E+01,5.92E+01,6.00E+01,6.12E+01,5.96E+01,5.88E+01,5.73E+01,6.51E+01,7.10E+01,7.49E+01,7.57E+01,6.90E+01,6.27E+01,6.27E+01,6.35E+01,6.35E+01,6.35E+01,6.35E+01,6.35E+01,6.35E+01,6.35E+01,6.35E+01,6.35E+01,6.35E+01,6.35E+01,6.35E+01,6.35E+01,6.35E+01,6.35E+01,6.35E+01,1.55E-02,4.79E-01,1.00E+02,9.50E-01,5.60E-01,5.61E-01,1.00E+00
6.08E+01,5.65E+01,5.14E+01,5.02E+01,4.82E+01,5.41E+01,5.73E+01,5.88E+01,5.41E+01,4.51E+01,3.88E+01,3.22E+01,3.06E+01,2.86E+01,2.71E+01,2.24E+01,4.48E+01,4.48E+01,4.48E+01,4.48E+01,4.48E+01,4.48E+01,4.48E+01,4.48E+01,4.48E+01,4.48E+01,4.48E+01,4.48E+01,4.48E+01,4.48E+01,4.48E+01,4.48E+01,2.80E-02,4.79E-01,1.00E+02,9.50E-01,5.58E-01,5.60E-01,9.99E-01
2.55E+01,2.47E+01,2.08E+01,3.06E+01,4.59E+01,5.61E+01,5.88E+01,5.33E+01,4.75E+01,4.43E+01,4.47E+01,4.67E+01,4.75E+01,5.06E+01,4.98E+01,4.86E+01,4.35E+01,4.35E+01,4.35E+01,4.35E+01,4.35E+01,4.35E+01,4.35E+01,4.35E+01,4.35E+01,4.35E+01,4.35E+01,4.35E+01,4.35E+01,4.35E+01,4.35E+01,4.35E+01,2.73E-02,4.79E-01,1.00E+02,9.50E-01,5.57E-01,5.60E-01,9.99E-01
8.94E+01,8.59E+01,8.35E+01,8.27E+01,8.04E+01,8.20E+01,8.00E+01,8.08E+01,8.20E+01,8.16E+01,7.76E+01,7.96E+01,8.00E+01,8.24E+01,8.04E+01,7.88E+01,8.17E+01,8.17E+01,8.17E+01,8.17E+01,8.17E+01,8.17E+01,8.17E+01,8.17E+01,8.17E+01,8.17E+01,8.17E+01,8.17E+01,8.17E+01,8.17E+01,8.17E+01,8.17E+01,1.26E-02,4.79E-01,1.00E+02,9.50E-01,5.60E-01,5.61E-01,1.00E+00
9.45E+01,9.22E+01,9.53E+01,9.76E+01,9.84E+01,9.73E+01,9.53E+01,9.61E+01,9.61E+01,9.41E+01,9.41E+01,9.33E+01,9.53E+01,9.96E+01,1.00E+02,1.00E+02,9.62E+01,9.62E+01,9.62E+01,9.62E+01,9.62E+01,9.62E+01,9.62E+01,9.62E+01,9.62E+01,9.62E+01,9.62E+01,9.62E+01,9.62E+01,9.62E+01,9.62E+01,9.62E+01,1.27E-02,4.79E-01,1.00E+02,9.50E-01,5.61E-01,5.61E-01,1.00E+00
9.96E+01,9.84E+01,9.96E+01,1.00E+02,1.00E+02,1.00E+02,1.00E+02,1.00E+02,1.00E+02,1.00E+02,1.00E+02,1.00E+02,9.69E+01,9.41E+01,9.41E+01,9.29E+01,9.85E+01,9.85E+01,9.85E+01,9.85E+01,9.85E+01,9.85E+01,9.85E+01,9.85E+01,9.85E+01,9.85E+01,9.85E+01,9.85E+01,9.85E+01,9.85E+01,9.85E+01,9.85E+01,1.41E-02,4.79E-01,1.00E+02,9.50E-01,5.61E-01,5.60E-01,1.00E+00
7.33E+01,6.75E+01,6.67E+01,6.90E+01,7.18E+01,7.02E+01,6.71E+01,6.59E+01,6.51E+01,6.75E+01,6.86E+01,6.67E+01,6.67E+01,6.55E+01,6.43E+01,6.24E+01,6.74E+01,6.74E+01,6.74E+01,6.74E+01,6.74E+01,6.74E+01,6.74E+01,6.74E+01,6.74E+01,6.74E+01,6.74E+01,6.74E+01,6.74E+01,6.74E+01,6.74E+01,6.74E+01,7.71E-03,4.79E-01,1.00E+02,9.50E-01,5.60E-01,5.61E-01,1.00E+00
7.76E+01,7.61E+01,7.57E+01,7.37E+01,7.41E+01,8.20E+01,8.39E+01,8.35E+01,8.12E+01,8.20E+01,8.27E+01,8.67E+01,8.75E+01,8.55E+01,8.43E+01,8.43E+01,8.13E+01,8.13E+01,8.13E+01,8.13E+01,8.13E+01,8.13E+01,8.13E+01,8.13E+01,8.13E+01,8.13E+01,8.13E+01,8.13E+01,8.13E+01,8.13E+01,8.13E+01,8.13E+01,1.00E-02,4.79E-01,1.00E+02,9.50E-01,5.60E-01,5.60E-01,1.00E+00
7.80E+01,7.53E+01,6.98E+01,6.55E+01,6.55E+01,6.71E+01,6.82E+01,6.94E+01,6.94E+01,6.75E+01,6.67E+01,6.59E+01,6.35E+01,6.20E+01,6.00E+01,5.88E+01,6.70E+01,6.70E+01,6.70E+01,6.70E+01,6.70E+01,6.70E+01,6.70E+01,6.70E+01,6.70E+01,6.70E+01,6.70E+01,6.70E+01,6.70E+01,6.70E+01,6.70E+01,6.70E+01,9.40E-03,4.79E-01,1.00E+02,9.50E-01,5.60E-01,5.61E-01,1.00E+00
5.80E+01,5.92E+01,6.16E+01,6.55E+01,6.43E+01,6.20E+01,5.76E+01,5.65E+01,5.53E+01,5.25E+01,5.41E+01,5.49E+01,5.88E+01,5.84E+01,5.96E+01,6.08E+01,5.87E+01,5.87E+01,5.87E+01,5.87E+01,5.87E+01,5.87E+01,5.87E+01,5.87E+01,5.87E+01,5.87E+01,5.87E+01,5.87E+01,5.87E+01,5.87E+01,5.87E+01,5.87E+01,8.18E-03,4.79E-01,1.00E+02,9.50E-01,5.61E-01,5.61E-01,1.00E+00
7.73E+01,7.88E+01,7.65E+01,7.41E+01,6.86E+01,6.71E+01,6.75E+01,6.75E+01,7.14E+01,7.41E+01,7.76E+01,7.73E+01,7.14E+01,6.94E+01,6.82E+01,6.82E+01,7.22E+01,7.22E+01,7.22E+01,7.22E+01,7.22E+01,7.22E+01,7.22E+01,7.22E+01,7.22E+01,7.22E+01,7.22E+01,7.22E+01,7.22E+01,7.22E+01,7.22E+01,7.22E+01,7.81E-03,4.79E-01,1.00E+02,9.50E-01,5.61E-01,5.60E-01,1.00E+00
5.92E+01,5.84E+01,5.41E+01,5.45E+01,5.65E+01,5.57E+01,5.37E+01,5.49E+01,5.41E+01,4.94E+01,4.63E+01,3.96E+01,3.14E+01,2.78E+01,1.84E+01,1.96E+01,4.59E+01,4.59E+01,4.59E+01,4.59E+01,4.59E+01,4.59E+01,4.59E+01,4.59E+01,4.59E+01,4.59E+01,4.59E+01,4.59E+01,4.59E+01,4.59E+01,4.59E+01,4.59E+01,1.22E-02,4.79E-01,1.00E+02,9.50E-01,5.60E-01,5.59E-01,1.00E+00
4.27E+01,4.20E+01,4.47E+01,4.71E+01,4.63E+01,4.20E+01,3.69E+01,3.69E+01,4.71E+01,5.33E+01,5.65E+01,5.76E+01,5.96E+01,6.39E+01,6.39E+01,6.12E+01,5.01E+01,5.01E+01,5.01E+01,5.01E+01,5.01E+01,5.01E+01,5.01E+01,5.01E+01,5.01E+01,5.01E+01,5.01E+01,5.01E+01,5.01E+01,5.01E+01,5.01E+01,5.01E+01,1.06E-02,4.79E-01,1.00E+02,9.50E-01,5.60E-01,5.61E-01,1.00E+00
6.86E+01,6.55E+01,6.59E+01,6.82E+01,7.29E+01,7.41E+01,7.06E+01,7.10E+01,7.14E+01,7.02E+01,6.82E+01,6.75E+01,6.71E+01,6.63E+01,6.31E+01,6.24E+01,6.83E+01,6.83E+01,6.83E+01,6.83E+01,6.83E+01,6.83E+01,6.83E+01,6.83E+01,6.83E+01,6.83E+01,6.83E+01,6.83E+01,6.83E+01,6.83E+01,6.83E+01,6.83E+01,1.15E-02,4.79E-01,1.00E+02,9.50E-01,5.61E-01,5.60E-01,1.00E+00
4.59E+01,4.31E+01,3.88E+01,3.65E+01,3.88E+01,3.80E+01,3.57E+01,3.41E+01,3.53E+01,3.61E+01,3.41E+01,3.61E+01,3.18E+01,2.47E+01,8.63E+00,1.49E+01,3.33E+01,3.33E+01,3.33E+01,3.33E+01,3.33E+01,3.33E+01,3.33E+01,3.33E+01,3.33E+01,3.33E+01,3.33E+01,3.33E+01,3.33E+01,3.33E+01,3.33E+01,3.33E+01,1.22E-02,4.79E-01,1.00E+02,9.50E-01,5.59E-01,5.61E-01,1.00E+00
5.88E+01,5.88E+01,5.76E+01,5.37E+01,4.94E+01,5.22E+01,6.20E+01,6.82E+01,7.06E+01,7.02E+01,6.63E+01,6.47E+01,6.24E+01,6.35E+01,6.16E+01,6.00E+01,6.13E+01,6.13E+01,6.13E+01,6.13E+01,6.13E+01,6.13E+01,6.13E+01,6.13E+01,6.13E+01,6.13E+01,6.13E+01,6.13E+01,6.13E+01,6.13E+01,6.13E+01,6.13E+01,9.31E-03,4.79E-01,1.00E+02,9.50E-01,5.61E-01,5.61E-01,1.00E+00
7.22E+01,6.51E+01,5.96E+01,5.41E+01,5.14E+01,4.71E+01,5.02E+01,5.37E+01,5.80E+01,5.65E+01,5.80E+01,5.65E+01,5.29E+01,5.06E+01,4.67E+01,4.20E+01,5.47E+01,5.47E+01,5.47E+01,5.47E+01,5.47E+01,5.47E+01,5.47E+01,5.47E+01,5.47E+01,5.47E+01,5.47E+01,5.47E+01,5.47E+01,5.47E+01,5.47E+01,5.47E+01,2.67E-02,4.79E-01,1.00E+02,9.50E-01,5.23E-01,5.49E-01,9.90E-01
2.35E+01,2.20E+01,1.45E+01,2.43E+01,3.22E+01,3.73E+01,3.92E+01,3.80E+01,4.04E+01,4.04E+01,3.96E+01,3.96E+01,3.73E+01,3.69E+01,4.04E+01,4.24E+01,3.42E+01,3.42E+01,3.42E+01,3.42E+01,3.42E+01,3.42E+01,3.42E+01,3.42E+01,3.42E+01,3.42E+01,3.42E+01,3.42E+01,3.42E+01,3.42E+01,3.42E+01,3.42E+01,1.63E-02,4.79E-01,1.00E+02,9.50E-01,5.57E-01,5.59E-01,9.99E-01
