0,0,0,0,0,0,0,0,0,0,10,500,1e+06,0.65,0,0,1
0,0,0,0,0,0,0,0,0,1,10,500,1e+06,0.65,0.028721,0.054679,0.63672
0,0,0,0,0,0,0,0,1,0,10,500,1e+06,0.65,0.028779,0.054526,0.63281
0,0,0,0,0,0,0,0,1,1,10,500,1e+06,0.65,0.051894,0.051746,1.001
0,0,0,0,0,0,0,1,0,0,10,500,1e+06,0.65,0.028803,0.054601,0.63281
0,0,0,0,0,0,0,1,0,1,10,500,1e+06,0.65,0.054678,0.097978,0.68359
0,0,0,0,0,0,0,1,1,0,10,500,1e+06,0.65,0.051996,0.098273,0.65625
0,0,0,0,0,0,0,1,1,1,10,500,1e+06,0.65,0.073115,0.093895,0.85938
0,0,0,0,0,0,1,0,0,0,10,500,1e+06,0.65,0.028739,0.054763,0.63281
0,0,0,0,0,0,1,0,0,1,10,500,1e+06,0.65,0.055974,0.098216,0.69141
0,0,0,0,0,0,1,0,1,0,10,500,1e+06,0.65,0.054947,0.097872,0.68359
0,0,0,0,0,0,1,0,1,1,10,500,1e+06,0.65,0.076262,0.093707,0.88208
0,0,0,0,0,0,1,1,0,0,10,500,1e+06,0.65,0.051715,0.051815,1
0,0,0,0,0,0,1,1,0,1,10,500,1e+06,0.65,0.076304,0.094073,0.88281
0,0,0,0,0,0,1,1,1,0,10,500,1e+06,0.65,0.072729,0.093988,0.85645
0,0,0,0,0,0,1,1,1,1,10,500,1e+06,0.65,0.093054,0.093447,0.99854
0,0,0,0,0,1,0,0,0,0,10,500,1e+06,0.65,0.028888,0.054547,0.63867
0,0,0,0,0,1,0,0,0,1,10,500,1e+06,0.65,0.056189,0.10279,0.66406
0,0,0,0,0,1,0,0,1,0,10,500,1e+06,0.65,0.055841,0.10264,0.66406
0,0,0,0,0,1,0,0,1,1,10,500,1e+06,0.65,0.077814,0.099435,0.86133
0,0,0,0,0,1,0,1,0,0,10,500,1e+06,0.65,0.054857,0.097476,0.68164
0,0,0,0,0,1,0,1,0,1,10,500,1e+06,0.65,0.079684,0.13728,0.70605
0,0,0,0,0,1,0,1,1,0,10,500,1e+06,0.65,0.076679,0.13724,0.68945
0,0,0,0,0,1,0,1,1,1,10,500,1e+06,0.65,0.097221,0.13364,0.82812
0,0,0,0,0,1,1,0,0,0,10,500,1e+06,0.65,0.051896,0.097961,0.65625
0,0,0,0,0,1,1,0,0,1,10,500,1e+06,0.65,0.077896,0.1372,0.69727
0,0,0,0,0,1,1,0,1,0,10,500,1e+06,0.65,0.076436,0.13669,0.6875
0,0,0,0,0,1,1,0,1,1,10,500,1e+06,0.65,0.097461,0.13351,0.82814
0,0,0,0,0,1,1,1,0,0,10,500,1e+06,0.65,0.072803,0.094158,0.85545
0,0,0,0,0,1,1,1,0,1,10,500,1e+06,0.65,0.096946,0.13327,0.82373
0,0,0,0,0,1,1,1,1,0,10,500,1e+06,0.65,0.093129,0.13352,0.80078
0,0,0,0,0,1,1,1,1,1,10,500,1e+06,0.65,0.11293,0.13276,0.91016
0,0,0,0,1,0,0,0,0,0,10,500,1e+06,0.65,0.028931,0.054649,0.63672
0,0,0,0,1,0,0,0,0,1,10,500,1e+06,0.65,0.056597,0.1027,0.66797
0,0,0,0,1,0,0,0,1,0,10,500,1e+06,0.65,0.056529,0.10275,0.66846
0,0,0,0,1,0,0,0,1,1,10,500,1e+06,0.65,0.078143,0.099538,0.86426
0,0,0,0,1,0,0,1,0,0,10,500,1e+06,0.65,0.055773,0.098189,0.69141
0,0,0,0,1,0,0,1,0,1,10,500,1e+06,0.65,0.080797,0.13739,0.71289
0,0,0,0,1,0,0,1,1,0,10,500,1e+06,0.65,0.077711,0.13766,0.69531
0,0,0,0,1,0,0,1,1,1,10,500,1e+06,0.65,0.098169,0.13349,0.83398
0,0,0,0,1,0,1,0,0,0,10,500,1e+06,0.65,0.054848,0.097739,0.68359
0,0,0,0,1,0,1,0,0,1,10,500,1e+06,0.65,0.080871,0.1376,0.71497
0,0,0,0,1,0,1,0,1,0,10,500,1e+06,0.65,0.079766,0.13684,0.7074
0,0,0,0,1,0,1,0,1,1,10,500,1e+06,0.65,0.10029,0.13377,0.84375
0,0,0,0,1,0,1,1,0,0,10,500,1e+06,0.65,0.076768,0.094023,0.88672
0,0,0,0,1,0,1,1,0,1,10,500,1e+06,0.65,0.10069,0.13366,0.84375
0,0,0,0,1,0,1,1,1,0,10,500,1e+06,0.65,0.097219,0.13318,0.82544
0,0,0,0,1,0,1,1,1,1,10,500,1e+06,0.65,0.11686,0.13264,0.93018
0,0,0,0,1,1,0,0,0,0,10,500,1e+06,0.65,0.051929,0.051575,1.0005
0,0,0,0,1,1,0,0,0,1,10,500,1e+06,0.65,0.078796,0.099478,0.86719
0,0,0,0,1,1,0,0,1,0,10,500,1e+06,0.65,0.077643,0.099586,0.85889
0,0,0,0,1,1,0,0,1,1,10,500,1e+06,0.65,0.098882,0.09899,0.99902
0,0,0,0,1,1,0,1,0,0,10,500,1e+06,0.65,0.076573,0.093878,0.88672
0,0,0,0,1,1,0,1,0,1,10,500,1e+06,0.65,0.10068,0.13327,0.8457
0,0,0,0,1,1,0,1,1,0,10,500,1e+06,0.65,0.097493,0.13382,0.82861
0,0,0,0,1,1,0,1,1,1,10,500,1e+06,0.65,0.11791,0.13156,0.94043
0,0,0,0,1,1,1,0,0,0,10,500,1e+06,0.65,0.072822,0.093906,0.85645
0,0,0,0,1,1,1,0,0,1,10,500,1e+06,0.65,0.098004,0.13327,0.83075
0,0,0,0,1,1,1,0,1,0,10,500,1e+06,0.65,0.097008,0.13287,0.82617
0,0,0,0,1,1,1,0,1,1,10,500,1e+06,0.65,0.11755,0.13152,0.93799
0,0,0,0,1,1,1,1,0,0,10,500,1e+06,0.65,0.093531,0.092977,1.0002
0,0,0,0,1,1,1,1,0,1,10,500,1e+06,0.65,0.11683,0.13281,0.92969
0,0,0,0,1,1,1,1,1,0,10,500,1e+06,0.65,0.11316,0.13291,0.91016
0,0,0,0,1,1,1,1,1,1,10,500,1e+06,0.65,0.13296,0.13324,0.99976
0,0,0,1,0,0,0,0,0,0,10,500,1e+06,0.65,0.028865,0.054423,0.63672
0,0,0,1,0,0,0,0,0,1,10,500,1e+06,0.65,0.056158,0.10291,0.66406
0,0,0,1,0,0,0,0,1,0,10,500,1e+06,0.65,0.057008,0.10318,0.67188
0,0,0,1,0,0,0,0,1,1,10,500,1e+06,0.65,0.078454,0.099164,0.86816
0,0,0,1,0,0,0,1,0,0,10,500,1e+06,0.65,0.056615,0.10273,0.67188
0,0,0,1,0,0,0,1,0,1,10,500,1e+06,0.65,0.081383,0.14179,0.69824
0,0,0,1,0,0,0,1,1,0,10,500,1e+06,0.65,0.07833,0.14152,0.67969
0,0,0,1,0,0,0,1,1,1,10,500,1e+06,0.65,0.098319,0.13805,0.8125
0,0,0,1,0,0,1,0,0,0,10,500,1e+06,0.65,0.055731,0.1025,0.66406
0,0,0,1,0,0,1,0,0,1,10,500,1e+06,0.65,0.081992,0.14208,0.70215
0,0,0,1,0,0,1,0,1,0,10,500,1e+06,0.65,0.080882,0.14182,0.69531
0,0,0,1,0,0,1,0,1,1,10,500,1e+06,0.65,0.10155,0.13816,0.83203
0,0,0,1,0,0,1,1,0,0,10,500,1e+06,0.65,0.07783,0.099239,0.86133
0,0,0,1,0,0,1,1,0,1,10,500,1e+06,0.65,0.10155,0.13775,0.83106
0,0,0,1,0,0,1,1,1,0,10,500,1e+06,0.65,0.098168,0.13843,0.81201
0,0,0,1,0,0,1,1,1,1,10,500,1e+06,0.65,0.11732,0.13711,0.9131
0,0,0,1,0,1,0,0,0,0,10,500,1e+06,0.65,0.054818,0.097618,0.68359
0,0,0,1,0,1,0,0,0,1,10,500,1e+06,0.65,0.081317,0.14179,0.69922
0,0,0,1,0,1,0,0,1,0,10,500,1e+06,0.65,0.081066,0.14146,0.69781
0,0,0,1,0,1,0,0,1,1,10,500,1e+06,0.65,0.10134,0.13862,0.82703
0,0,0,1,0,1,0,1,0,0,10,500,1e+06,0.65,0.079879,0.13746,0.70898
0,0,0,1,0,1,0,1,0,1,10,500,1e+06,0.65,0.1037,0.1735,0.72461
0,0,0,1,0,1,0,1,1,0,10,500,1e+06,0.65,0.1005,0.17323,0.70898
0,0,0,1,0,1,0,1,1,1,10,500,1e+06,0.65,0.1206,0.17032,0.8125
0,0,0,1,0,1,1,0,0,0,10,500,1e+06,0.65,0.076658,0.13745,0.6875
0,0,0,1,0,1,1,0,0,1,10,500,1e+06,0.65,0.10169,0.17347,0.71484
0,0,0,1,0,1,1,0,1,0,10,500,1e+06,0.65,0.10036,0.17374,0.70703
0,0,0,1,0,1,1,0,1,1,10,500,1e+06,0.65,0.12049,0.17002,0.8125
0,0,0,1,0,1,1,1,0,0,10,500,1e+06,0.65,0.097082,0.13315,0.82617
0,0,0,1,0,1,1,1,0,1,10,500,1e+06,0.65,0.12013,0.17041,0.81055
0,0,0,1,0,1,1,1,1,0,10,500,1e+06,0.65,0.11688,0.17003,0.79492
0,0,0,1,0,1,1,1,1,1,10,500,1e+06,0.65,0.13644,0.1694,0.88113
0,0,0,1,1,0,0,0,0,0,10,500,1e+06,0.65,0.051852,0.097771,0.65625
0,0,0,1,1,0,0,0,0,1,10,500,1e+06,0.65,0.078367,0.14171,0.67969
0,0,0,1,1,0,0,0,1,0,10,500,1e+06,0.65,0.078133,0.14164,0.67871
0,0,0,1,1,0,0,0,1,1,10,500,1e+06,0.65,0.099045,0.13805,0.81445
0,0,0,1,1,0,0,1,0,0,10,500,1e+06,0.65,0.077623,0.13724,0.69434
0,0,0,1,1,0,0,1,0,1,10,500,1e+06,0.65,0.10154,0.17325,0.71387
0,0,0,1,1,0,0,1,1,0,10,500,1e+06,0.65,0.099054,0.17384,0.70166
0,0,0,1,1,0,0,1,1,1,10,500,1e+06,0.65,0.11883,0.17024,0.80469
0,0,0,1,1,0,1,0,0,0,10,500,1e+06,0.65,0.076417,0.13712,0.68652
0,0,0,1,1,0,1,0,0,1,10,500,1e+06,0.65,0.10161,0.17368,0.71484
0,0,0,1,1,0,1,0,1,0,10,500,1e+06,0.65,0.10077,0.17368,0.71094
0,0,0,1,1,0,1,0,1,1,10,500,1e+06,0.65,0.12141,0.17051,0.81653
0,0,0,1,1,0,1,1,0,0,10,500,1e+06,0.65,0.097633,0.13327,0.82812
0,0,0,1,1,0,1,1,0,1,10,500,1e+06,0.65,0.12097,0.17024,0.8133
0,0,0,1,1,0,1,1,1,0,10,500,1e+06,0.65,0.11761,0.17017,0.79785
0,0,0,1,1,0,1,1,1,1,10,500,1e+06,0.65,0.13709,0.16981,0.88232
0,0,0,1,1,1,0,0,0,0,10,500,1e+06,0.65,0.073123,0.094119,0.85938
0,0,0,1,1,1,0,0,0,1,10,500,1e+06,0.65,0.098642,0.13825,0.81372
0,0,0,1,1,1,0,0,1,0,10,500,1e+06,0.65,0.098223,0.13786,0.81256
0,0,0,1,1,1,0,0,1,1,10,500,1e+06,0.65,0.11844,0.13716,0.91895
0,0,0,1,1,1,0,1,0,0,10,500,1e+06,0.65,0.097159,0.13344,0.82484
0,0,0,1,1,1,0,1,0,1,10,500,1e+06,0.65,0.12043,0.17047,0.81055
0,0,0,1,1,1,0,1,1,0,10,500,1e+06,0.65,0.11787,0.17036,0.80078
0,0,0,1,1,1,0,1,1,1,10,500,1e+06,0.65,0.13731,0.16855,0.88867
0,0,0,1,1,1,1,0,0,0,10,500,1e+06,0.65,0.093477,0.13356,0.80469
0,0,0,1,1,1,1,0,0,1,10,500,1e+06,0.65,0.11802,0.17022,0.80078
0,0,0,1,1,1,1,0,1,0,10,500,1e+06,0.65,0.11712,0.1705,0.79688
0,0,0,1,1,1,1,0,1,1,10,500,1e+06,0.65,0.13685,0.16837,0.88599
0,0,0,1,1,1,1,1,0,0,10,500,1e+06,0.65,0.11316,0.13267,0.91211
0,0,0,1,1,1,1,1,0,1,10,500,1e+06,0.65,0.13651,0.16953,0.88037
0,0,0,1,1,1,1,1,1,0,10,500,1e+06,0.65,0.13298,0.16944,0.86572
0,0,0,1,1,1,1,1,1,1,10,500,1e+06,0.65,0.15263,0.17028,0.94141
0,0,1,0,0,0,0,0,0,0,10,500,1e+06,0.65,0.028887,0.054797,0.63281
0,0,1,0,0,0,0,0,0,1,10,500,1e+06,0.65,0.055745,0.10241,0.66211
0,0,1,0,0,0,0,0,1,0,10,500,1e+06,0.65,0.056606,0.10257,0.66797
0,0,1,0,0,0,0,0,1,1,10,500,1e+06,0.65,0.078071,0.099658,0.8623
0,0,1,0,0,0,0,1,0,0,10,500,1e+06,0.65,0.05666,0.10242,0.66992
0,0,1,0,0,0,0,1,0,1,10,500,1e+06,0.65,0.081014,0.14179,0.69727
0,0,1,0,0,0,0,1,1,0,10,500,1e+06,0.65,0.078259,0.14212,0.67969
0,0,1,0,0,0,0,1,1,1,10,500,1e+06,0.65,0.09823,0.13785,0.81177
0,0,1,0,0,0,1,0,0,0,10,500,1e+06,0.65,0.05639,0.10297,0.66797
0,0,1,0,0,0,1,0,0,1,10,500,1e+06,0.65,0.081845,0.14234,0.70117
0,0,1,0,0,0,1,0,1,0,10,500,1e+06,0.65,0.081014,0.14135,0.69531
0,0,1,0,0,0,1,0,1,1,10,500,1e+06,0.65,0.10193,0.13811,0.83105
0,0,1,0,0,0,1,1,0,0,10,500,1e+06,0.65,0.078758,0.099452,0.86816
0,0,1,0,0,0,1,1,0,1,10,500,1e+06,0.65,0.10166,0.13791,0.8291
0,0,1,0,0,0,1,1,1,0,10,500,1e+06,0.65,0.098552,0.1375,0.8125
0,0,1,0,0,0,1,1,1,1,10,500,1e+06,0.65,0.11822,0.13705,0.91705
0,0,1,0,0,1,0,0,0,0,10,500,1e+06,0.65,0.055835,0.097884,0.69263
0,0,1,0,0,1,0,0,0,1,10,500,1e+06,0.65,0.081648,0.14163,0.70166
0,0,1,0,0,1,0,0,1,0,10,500,1e+06,0.65,0.081785,0.14173,0.70312
0,0,1,0,0,1,0,0,1,1,10,500,1e+06,0.65,0.10217,0.13858,0.83228
0,0,1,0,0,1,0,1,0,0,10,500,1e+06,0.65,0.080794,0.13729,0.71289
0,0,1,0,0,1,0,1,0,1,10,500,1e+06,0.65,0.10464,0.17364,0.72952
0,0,1,0,0,1,0,1,1,0,10,500,1e+06,0.65,0.10169,0.17348,0.71484
0,0,1,0,0,1,0,1,1,1,10,500,1e+06,0.65,0.12123,0.17,0.81445
0,0,1,0,0,1,1,0,0,0,10,500,1e+06,0.65,0.07786,0.13685,0.69531
0,0,1,0,0,1,1,0,0,1,10,500,1e+06,0.65,0.10234,0.17387,0.71875
0,0,1,0,0,1,1,0,1,0,10,500,1e+06,0.65,0.10156,0.17324,0.71336
0,0,1,0,0,1,1,0,1,1,10,500,1e+06,0.65,0.12113,0.16994,0.81445
0,0,1,0,0,1,1,1,0,0,10,500,1e+06,0.65,0.097963,0.13343,0.83203
0,0,1,0,0,1,1,1,0,1,10,500,1e+06,0.65,0.12132,0.16999,0.81543
0,0,1,0,0,1,1,1,1,0,10,500,1e+06,0.65,0.11783,0.16986,0.79883
0,0,1,0,0,1,1,1,1,1,10,500,1e+06,0.65,0.13706,0.16973,0.88281
0,0,1,0,1,0,0,0,0,0,10,500,1e+06,0.65,0.054636,0.098088,0.67969
0,0,1,0,1,0,0,0,0,1,10,500,1e+06,0.65,0.080813,0.14187,0.69528
0,0,1,0,1,0,0,0,1,0,10,500,1e+06,0.65,0.081118,0.14167,0.69727
0,0,1,0,1,0,0,0,1,1,10,500,1e+06,0.65,0.10186,0.13856,0.83203
0,0,1,0,1,0,0,1,0,0,10,500,1e+06,0.65,0.080896,0.13666,0.71484
0,0,1,0,1,0,0,1,0,1,10,500,1e+06,0.65,0.10456,0.17431,0.72852
0,0,1,0,1,0,0,1,1,0,10,500,1e+06,0.65,0.10199,0.17341,0.71606
0,0,1,0,1,0,0,1,1,1,10,500,1e+06,0.65,0.12128,0.17008,0.81445
0,0,1,0,1,0,1,0,0,0,10,500,1e+06,0.65,0.079619,0.13702,0.70703
0,0,1,0,1,0,1,0,0,1,10,500,1e+06,0.65,0.10437,0.17343,0.72656
0,0,1,0,1,0,1,0,1,0,10,500,1e+06,0.65,0.10395,0.17351,0.7251
0,0,1,0,1,0,1,0,1,1,10,500,1e+06,0.65,0.12378,0.16984,0.82666
0,0,1,0,1,0,1,1,0,0,10,500,1e+06,0.65,0.1005,0.13333,0.84375
0,0,1,0,1,0,1,1,0,1,10,500,1e+06,0.65,0.12377,0.17066,0.82568
0,0,1,0,1,0,1,1,1,0,10,500,1e+06,0.65,0.1207,0.17026,0.8125
0,0,1,0,1,0,1,1,1,1,10,500,1e+06,0.65,0.14,0.1699,0.89453
0,0,1,0,1,1,0,0,0,0,10,500,1e+06,0.65,0.076534,0.093852,0.88452
0,0,1,0,1,1,0,0,0,1,10,500,1e+06,0.65,0.10203,0.1379,0.83398
0,0,1,0,1,1,0,0,1,0,10,500,1e+06,0.65,0.10143,0.13824,0.82812
0,0,1,0,1,1,0,0,1,1,10,500,1e+06,0.65,0.12177,0.13708,0.93359
0,0,1,0,1,1,0,1,0,0,10,500,1e+06,0.65,0.10021,0.13335,0.83984
0,0,1,0,1,1,0,1,0,1,10,500,1e+06,0.65,0.1236,0.1705,0.82617
0,0,1,0,1,1,0,1,1,0,10,500,1e+06,0.65,0.1204,0.17006,0.8104
0,0,1,0,1,1,0,1,1,1,10,500,1e+06,0.65,0.14024,0.16906,0.89929
0,0,1,0,1,1,1,0,0,0,10,500,1e+06,0.65,0.09666,0.13339,0.82227
0,0,1,0,1,1,1,0,0,1,10,500,1e+06,0.65,0.12107,0.17038,0.81445
0,0,1,0,1,1,1,0,1,0,10,500,1e+06,0.65,0.12038,0.17044,0.81055
0,0,1,0,1,1,1,0,1,1,10,500,1e+06,0.65,0.13973,0.1685,0.89844
0,0,1,0,1,1,1,1,0,0,10,500,1e+06,0.65,0.11674,0.13239,0.92969
0,0,1,0,1,1,1,1,0,1,10,500,1e+06,0.65,0.1396,0.16946,0.89062
0,0,1,0,1,1,1,1,1,0,10,500,1e+06,0.65,0.13632,0.16961,0.87891
0,0,1,0,1,1,1,1,1,1,10,500,1e+06,0.65,0.15563,0.17033,0.95155
0,0,1,1,0,0,0,0,0,0,10,500,1e+06,0.65,0.051925,0.05172,1.001
0,0,1,1,0,0,0,0,0,1,10,500,1e+06,0.65,0.077886,0.099252,0.86133
0,0,1,1,0,0,0,0,1,0,10,500,1e+06,0.65,0.078098,0.099594,0.86353
0,0,1,1,0,0,0,0,1,1,10,500,1e+06,0.65,0.098889,0.099115,0.99829
0,0,1,1,0,0,0,1,0,0,10,500,1e+06,0.65,0.078459,0.098945,0.86523
0,0,1,1,0,0,0,1,0,1,10,500,1e+06,0.65,0.10183,0.13882,0.83008
0,0,1,1,0,0,0,1,1,0,10,500,1e+06,0.65,0.099306,0.13814,0.81445
0,0,1,1,0,0,0,1,1,1,10,500,1e+06,0.65,0.11885,0.13745,0.91968
0,0,1,1,0,0,1,0,0,0,10,500,1e+06,0.65,0.077948,0.099412,0.86182
0,0,1,1,0,0,1,0,0,1,10,500,1e+06,0.65,0.10255,0.13845,0.83398
0,0,1,1,0,0,1,0,1,0,10,500,1e+06,0.65,0.10202,0.13794,0.83008
0,0,1,1,0,0,1,0,1,1,10,500,1e+06,0.65,0.12186,0.13699,0.93555
0,0,1,1,0,0,1,1,0,0,10,500,1e+06,0.65,0.099226,0.098894,1.0039
0,0,1,1,0,0,1,1,0,1,10,500,1e+06,0.65,0.12214,0.13697,0.93653
0,0,1,1,0,0,1,1,1,0,10,500,1e+06,0.65,0.11886,0.13672,0.9209
0,0,1,1,0,0,1,1,1,1,10,500,1e+06,0.65,0.13784,0.13761,1.0005
0,0,1,1,0,1,0,0,0,0,10,500,1e+06,0.65,0.07626,0.093738,0.88257
0,0,1,1,0,1,0,0,0,1,10,500,1e+06,0.65,0.10141,0.13772,0.8291
0,0,1,1,0,1,0,0,1,0,10,500,1e+06,0.65,0.10175,0.13783,0.83105
0,0,1,1,0,1,0,0,1,1,10,500,1e+06,0.65,0.12166,0.13714,0.93311
0,0,1,1,0,1,0,1,0,0,10,500,1e+06,0.65,0.10058,0.13353,0.84375
0,0,1,1,0,1,0,1,0,1,10,500,1e+06,0.65,0.12346,0.17014,0.82617
0,0,1,1,0,1,0,1,1,0,10,500,1e+06,0.65,0.12112,0.17008,0.81409
0,0,1,1,0,1,0,1,1,1,10,500,1e+06,0.65,0.14032,0.16861,0.8988
0,0,1,1,0,1,1,0,0,0,10,500,1e+06,0.65,0.097491,0.1335,0.82715
0,0,1,1,0,1,1,0,0,1,10,500,1e+06,0.65,0.1217,0.17025,0.81848
0,0,1,1,0,1,1,0,1,0,10,500,1e+06,0.65,0.12138,0.1703,0.81641
0,0,1,1,0,1,1,0,1,1,10,500,1e+06,0.65,0.1407,0.16857,0.89941
0,0,1,1,0,1,1,1,0,0,10,500,1e+06,0.65,0.11753,0.1315,0.93738
0,0,1,1,0,1,1,1,0,1,10,500,1e+06,0.65,0.1401,0.16841,0.89832
0,0,1,1,0,1,1,1,1,0,10,500,1e+06,0.65,0.13716,0.16898,0.88724
0,0,1,1,0,1,1,1,1,1,10,500,1e+06,0.65,0.15557,0.16917,0.95361
0,0,1,1,1,0,0,0,0,0,10,500,1e+06,0.65,0.073155,0.093701,0.85938
0,0,1,1,1,0,0,0,0,1,10,500,1e+06,0.65,0.098468,0.1378,0.8125
0,0,1,1,1,0,0,0,1,0,10,500,1e+06,0.65,0.098712,0.13794,0.81445
0,0,1,1,1,0,0,0,1,1,10,500,1e+06,0.65,0.11853,0.13682,0.91797
0,0,1,1,1,0,0,1,0,0,10,500,1e+06,0.65,0.09813,0.13371,0.83154
0,0,1,1,1,0,0,1,0,1,10,500,1e+06,0.65,0.12151,0.17017,0.81592
0,0,1,1,1,0,0,1,1,0,10,500,1e+06,0.65,0.11907,0.17045,0.80664
0,0,1,1,1,0,0,1,1,1,10,500,1e+06,0.65,0.13808,0.16907,0.89062
0,0,1,1,1,0,1,0,0,0,10,500,1e+06,0.65,0.097179,0.13347,0.82568
0,0,1,1,1,0,1,0,0,1,10,500,1e+06,0.65,0.12111,0.16999,0.81445
0,0,1,1,1,0,1,0,1,0,10,500,1e+06,0.65,0.12071,0.17052,0.81348
0,0,1,1,1,0,1,0,1,1,10,500,1e+06,0.65,0.14063,0.16904,0.89844
0,0,1,1,1,0,1,1,0,0,10,500,1e+06,0.65,0.11753,0.13205,0.9375
0,0,1,1,1,0,1,1,0,1,10,500,1e+06,0.65,0.13988,0.16862,0.89746
0,0,1,1,1,0,1,1,1,0,10,500,1e+06,0.65,0.13713,0.1683,0.88721
0,0,1,1,1,0,1,1,1,1,10,500,1e+06,0.65,0.15584,0.16905,0.95557
0,0,1,1,1,1,0,0,0,0,10,500,1e+06,0.65,0.093058,0.093241,0.99829
0,0,1,1,1,1,0,0,0,1,10,500,1e+06,0.65,0.11812,0.13735,0.91748
0,0,1,1,1,1,0,0,1,0,10,500,1e+06,0.65,0.11785,0.13728,0.91406
0,0,1,1,1,1,0,0,1,1,10,500,1e+06,0.65,0.13793,0.13822,0.99951
0,0,1,1,1,1,0,1,0,0,10,500,1e+06,0.65,0.11686,0.13254,0.92944
0,0,1,1,1,1,0,1,0,1,10,500,1e+06,0.65,0.13957,0.16996,0.89269
0,0,1,1,1,1,0,1,1,0,10,500,1e+06,0.65,0.13728,0.16967,0.88355
0,0,1,1,1,1,0,1,1,1,10,500,1e+06,0.65,0.15576,0.16937,0.95459
0,0,1,1,1,1,1,0,0,0,10,500,1e+06,0.65,0.11315,0.13286,0.91154
0,0,1,1,1,1,1,0,0,1,10,500,1e+06,0.65,0.13734,0.16972,0.88477
0,0,1,1,1,1,1,0,1,0,10,500,1e+06,0.65,0.1367,0.16966,0.88086
0,0,1,1,1,1,1,0,1,1,10,500,1e+06,0.65,0.15636,0.1695,0.95703
0,0,1,1,1,1,1,1,0,0,10,500,1e+06,0.65,0.13294,0.13326,0.99902
0,0,1,1,1,1,1,1,0,1,10,500,1e+06,0.65,0.15549,0.17039,0.95117
0,0,1,1,1,1,1,1,1,0,10,500,1e+06,0.65,0.15302,0.16984,0.94276
0,0,1,1,1,1,1,1,1,1,10,500,1e+06,0.65,0.17114,0.17164,0.99988
0,1,0,0,0,0,0,0,0,0,10,500,1e+06,0.65,0.028739,0.054724,0.63281
0,1,0,0,0,0,0,0,0,1,10,500,1e+06,0.65,0.054959,0.097984,0.68359
0,1,0,0,0,0,0,0,1,0,10,500,1e+06,0.65,0.0558,0.098269,0.69092
0,1,0,0,0,0,0,0,1,1,10,500,1e+06,0.65,0.076692,0.093978,0.88696
0,1,0,0,0,0,0,1,0,0,10,500,1e+06,0.65,0.056436,0.10286,0.66748
0,1,0,0,0,0,0,1,0,1,10,500,1e+06,0.65,0.079422,0.13738,0.70703
0,1,0,0,0,0,0,1,1,0,10,500,1e+06,0.65,0.077669,0.13708,0.69434
0,1,0,0,0,0,0,1,1,1,10,500,1e+06,0.65,0.097148,0.13343,0.82422
0,1,0,0,0,0,1,0,0,0,10,500,1e+06,0.65,0.056721,0.10286,0.67065
0,1,0,0,0,0,1,0,0,1,10,500,1e+06,0.65,0.080751,0.13718,0.71484
0,1,0,0,0,0,1,0,1,0,10,500,1e+06,0.65,0.080785,0.13723,0.71387
0,1,0,0,0,0,1,0,1,1,10,500,1e+06,0.65,0.10071,0.13364,0.84387
0,1,0,0,0,0,1,1,0,0,10,500,1e+06,0.65,0.078203,0.099275,0.86328
0,1,0,0,0,0,1,1,0,1,10,500,1e+06,0.65,0.10109,0.13313,0.84766
0,1,0,0,0,0,1,1,1,0,10,500,1e+06,0.65,0.098219,0.13333,0.83203
0,1,0,0,0,0,1,1,1,1,10,500,1e+06,0.65,0.11667,0.13279,0.92773
0,1,0,0,0,1,0,0,0,0,10,500,1e+06,0.65,0.056665,0.1028,0.6709
0,1,0,0,0,1,0,0,0,1,10,500,1e+06,0.65,0.080857,0.14173,0.69592
0,1,0,0,0,1,0,0,1,0,10,500,1e+06,0.65,0.081771,0.14184,0.70166
0,1,0,0,0,1,0,0,1,1,10,500,1e+06,0.65,0.10175,0.13787,0.82959
0,1,0,0,0,1,0,1,0,0,10,500,1e+06,0.65,0.081477,0.14197,0.69922
0,1,0,0,0,1,0,1,0,1,10,500,1e+06,0.65,0.10405,0.17421,0.72632
0,1,0,0,0,1,0,1,1,0,10,500,1e+06,0.65,0.10149,0.17336,0.71484
0,1,0,0,0,1,0,1,1,1,10,500,1e+06,0.65,0.12011,0.17049,0.80859
0,1,0,0,0,1,1,0,0,0,10,500,1e+06,0.65,0.078389,0.14151,0.67969
0,1,0,0,0,1,1,0,0,1,10,500,1e+06,0.65,0.1018,0.1735,0.71484
0,1,0,0,0,1,1,0,1,0,10,500,1e+06,0.65,0.10151,0.17355,0.71387
0,1,0,0,0,1,1,0,1,1,10,500,1e+06,0.65,0.12091,0.17033,0.8125
0,1,0,0,0,1,1,1,0,0,10,500,1e+06,0.65,0.098855,0.13741,0.81421
0,1,0,0,0,1,1,1,0,1,10,500,1e+06,0.65,0.12042,0.17045,0.81055
0,1,0,0,0,1,1,1,1,0,10,500,1e+06,0.65,0.11829,0.17017,0.80273
0,1,0,0,0,1,1,1,1,1,10,500,1e+06,0.65,0.13649,0.16937,0.87988
0,1,0,0,1,0,0,0,0,0,10,500,1e+06,0.65,0.055955,0.10305,0.66406
0,1,0,0,1,0,0,0,0,1,10,500,1e+06,0.65,0.080803,0.14151,0.69531
0,1,0,0,1,0,0,0,1,0,10,500,1e+06,0.65,0.081547,0.1417,0.7002
0,1,0,0,1,0,0,0,1,1,10,500,1e+06,0.65,0.10144,0.13804,0.82812
0,1,0,0,1,0,0,1,0,0,10,500,1e+06,0.65,0.081595,0.14197,0.7002
0,1,0,0,1,0,0,1,0,1,10,500,1e+06,0.65,0.10427,0.17335,0.72754
0,1,0,0,1,0,0,1,1,0,10,500,1e+06,0.65,0.10259,0.1738,0.71899
0,1,0,0,1,0,0,1,1,1,10,500,1e+06,0.65,0.12121,0.17017,0.81641
0,1,0,0,1,0,1,0,0,0,10,500,1e+06,0.65,0.080613,0.1417,0.69439
0,1,0,0,1,0,1,0,0,1,10,500,1e+06,0.65,0.1045,0.17382,0.72754
0,1,0,0,1,0,1,0,1,0,10,500,1e+06,0.65,0.10438,0.17331,0.72852
0,1,0,0,1,0,1,0,1,1,10,500,1e+06,0.65,0.12404,0.17022,0.82617
0,1,0,0,1,0,1,1,0,0,10,500,1e+06,0.65,0.10156,0.13806,0.83008
0,1,0,0,1,0,1,1,0,1,10,500,1e+06,0.65,0.12374,0.17045,0.82528
0,1,0,0,1,0,1,1,1,0,10,500,1e+06,0.65,0.12111,0.16999,0.81347
0,1,0,0,1,0,1,1,1,1,10,500,1e+06,0.65,0.13954,0.16999,0.89264
0,1,0,0,1,1,0,0,0,0,10,500,1e+06,0.65,0.077662,0.099209,0.85742
0,1,0,0,1,1,0,0,0,1,10,500,1e+06,0.65,0.10182,0.13835,0.8291
0,1,0,0,1,1,0,0,1,0,10,500,1e+06,0.65,0.10236,0.13837,0.83203
0,1,0,0,1,1,0,0,1,1,10,500,1e+06,0.65,0.12166,0.13714,0.93359
0,1,0,0,1,1,0,1,0,0,10,500,1e+06,0.65,0.10165,0.13831,0.82812
0,1,0,0,1,1,0,1,0,1,10,500,1e+06,0.65,0.12358,0.17033,0.82617
0,1,0,0,1,1,0,1,1,0,10,500,1e+06,0.65,0.12143,0.17019,0.81641
0,1,0,0,1,1,0,1,1,1,10,500,1e+06,0.65,0.1403,0.1685,0.89844
0,1,0,0,1,1,1,0,0,0,10,500,1e+06,0.65,0.098286,0.13777,0.81201
0,1,0,0,1,1,1,0,0,1,10,500,1e+06,0.65,0.12127,0.16988,0.81445
0,1,0,0,1,1,1,0,1,0,10,500,1e+06,0.65,0.12139,0.17,0.81641
0,1,0,0,1,1,1,0,1,1,10,500,1e+06,0.65,0.13978,0.1685,0.89648
0,1,0,0,1,1,1,1,0,0,10,500,1e+06,0.65,0.11787,0.13742,0.91406
0,1,0,0,1,1,1,1,0,1,10,500,1e+06,0.65,0.13979,0.16956,0.89355
0,1,0,0,1,1,1,1,1,0,10,500,1e+06,0.65,0.13707,0.16962,0.88281
0,1,0,0,1,1,1,1,1,1,10,500,1e+06,0.65,0.15527,0.16989,0.9502
0,1,0,1,0,0,0,0,0,0,10,500,1e+06,0.65,0.05467,0.097848,0.68164
0,1,0,1,0,0,0,0,0,1,10,500,1e+06,0.65,0.079732,0.13709,0.70703
0,1,0,1,0,0,0,0,1,0,10,500,1e+06,0.65,0.081109,0.13757,0.71631
0,1,0,1,0,0,0,0,1,1,10,500,1e+06,0.65,0.10099,0.13359,0.8457
0,1,0,1,0,0,0,1,0,0,10,500,1e+06,0.65,0.081611,0.14172,0.7019
0,1,0,1,0,0,0,1,0,1,10,500,1e+06,0.65,0.10362,0.17343,0.72474
0,1,0,1,0,0,0,1,1,0,10,500,1e+06,0.65,0.10217,0.17374,0.71741
0,1,0,1,0,0,0,1,1,1,10,500,1e+06,0.65,0.12067,0.17019,0.8125
0,1,0,1,0,0,1,0,0,0,10,500,1e+06,0.65,0.080984,0.14162,0.69531
0,1,0,1,0,0,1,0,0,1,10,500,1e+06,0.65,0.10434,0.1735,0.72656
0,1,0,1,0,0,1,0,1,0,10,500,1e+06,0.65,0.10427,0.1737,0.72656
0,1,0,1,0,0,1,0,1,1,10,500,1e+06,0.65,0.12421,0.17017,0.82812
0,1,0,1,0,0,1,1,0,0,10,500,1e+06,0.65,0.10152,0.13824,0.83008
0,1,0,1,0,0,1,1,0,1,10,500,1e+06,0.65,0.12335,0.17001,0.82422
0,1,0,1,0,0,1,1,1,0,10,500,1e+06,0.65,0.12128,0.17094,0.81543
0,1,0,1,0,0,1,1,1,1,10,500,1e+06,0.65,0.1399,0.17021,0.89454
0,1,0,1,0,1,0,0,0,0,10,500,1e+06,0.65,0.07951,0.13743,0.70496
0,1,0,1,0,1,0,0,0,1,10,500,1e+06,0.65,0.10392,0.17339,0.72461
0,1,0,1,0,1,0,0,1,0,10,500,1e+06,0.65,0.10433,0.17377,0.72742
0,1,0,1,0,1,0,0,1,1,10,500,1e+06,0.65,0.12392,0.1706,0.82666
0,1,0,1,0,1,0,1,0,0,10,500,1e+06,0.65,0.1034,0.17375,0.72266
0,1,0,1,0,1,0,1,0,1,10,500,1e+06,0.65,0.12562,0.20435,0.74243
0,1,0,1,0,1,0,1,1,0,10,500,1e+06,0.65,0.12354,0.20363,0.73438
0,1,0,1,0,1,0,1,1,1,10,500,1e+06,0.65,0.14203,0.20131,0.8125
0,1,0,1,0,1,1,0,0,0,10,500,1e+06,0.65,0.10078,0.17389,0.70996
0,1,0,1,0,1,1,0,0,1,10,500,1e+06,0.65,0.12326,0.20356,0.73242
0,1,0,1,0,1,1,0,1,0,10,500,1e+06,0.65,0.12367,0.20354,0.73486
0,1,0,1,0,1,1,0,1,1,10,500,1e+06,0.65,0.14246,0.20137,0.81446
0,1,0,1,0,1,1,1,0,0,10,500,1e+06,0.65,0.12079,0.17049,0.8125
0,1,0,1,0,1,1,1,0,1,10,500,1e+06,0.65,0.14241,0.20102,0.8136
0,1,0,1,0,1,1,1,1,0,10,500,1e+06,0.65,0.13977,0.20076,0.80469
0,1,0,1,0,1,1,1,1,1,10,500,1e+06,0.65,0.15771,0.20073,0.86865
0,1,0,1,1,0,0,0,0,0,10,500,1e+06,0.65,0.076554,0.13712,0.6875
0,1,0,1,1,0,0,0,0,1,10,500,1e+06,0.65,0.10037,0.17356,0.70703
0,1,0,1,1,0,0,0,1,0,10,500,1e+06,0.65,0.10168,0.17328,0.71289
0,1,0,1,1,0,0,0,1,1,10,500,1e+06,0.65,0.12138,0.16977,0.81543
0,1,0,1,1,0,0,1,0,0,10,500,1e+06,0.65,0.1015,0.17411,0.71289
0,1,0,1,1,0,0,1,0,1,10,500,1e+06,0.65,0.12384,0.20362,0.73634
0,1,0,1,1,0,0,1,1,0,10,500,1e+06,0.65,0.12171,0.20349,0.72705
0,1,0,1,1,0,0,1,1,1,10,500,1e+06,0.65,0.14026,0.20122,0.80664
0,1,0,1,1,0,1,0,0,0,10,500,1e+06,0.65,0.10043,0.17365,0.70898
0,1,0,1,1,0,1,0,0,1,10,500,1e+06,0.65,0.124,0.2035,0.73609
0,1,0,1,1,0,1,0,1,0,10,500,1e+06,0.65,0.12379,0.20395,0.73535
0,1,0,1,1,0,1,0,1,1,10,500,1e+06,0.65,0.14302,0.20106,0.81689
0,1,0,1,1,0,1,1,0,0,10,500,1e+06,0.65,0.12064,0.17051,0.8125
0,1,0,1,1,0,1,1,0,1,10,500,1e+06,0.65,0.14213,0.20053,0.8125
0,1,0,1,1,0,1,1,1,0,10,500,1e+06,0.65,0.14034,0.20093,0.80566
0,1,0,1,1,0,1,1,1,1,10,500,1e+06,0.65,0.15836,0.20066,0.87109
0,1,0,1,1,1,0,0,0,0,10,500,1e+06,0.65,0.097346,0.13313,0.82666
0,1,0,1,1,1,0,0,0,1,10,500,1e+06,0.65,0.12043,0.17015,0.8125
0,1,0,1,1,1,0,0,1,0,10,500,1e+06,0.65,0.12135,0.17,0.81653
0,1,0,1,1,1,0,0,1,1,10,500,1e+06,0.65,0.14036,0.16919,0.89832
0,1,0,1,1,1,0,1,0,0,10,500,1e+06,0.65,0.12026,0.17038,0.81006
0,1,0,1,1,1,0,1,0,1,10,500,1e+06,0.65,0.14198,0.20149,0.8125
0,1,0,1,1,1,0,1,1,0,10,500,1e+06,0.65,0.14041,0.20098,0.80664
0,1,0,1,1,1,0,1,1,1,10,500,1e+06,0.65,0.15835,0.19948,0.87402
0,1,0,1,1,1,1,0,0,0,10,500,1e+06,0.65,0.11681,0.17034,0.79492
0,1,0,1,1,1,1,0,0,1,10,500,1e+06,0.65,0.14001,0.20062,0.80511
0,1,0,1,1,1,1,0,1,0,10,500,1e+06,0.65,0.1396,0.20092,0.80312
0,1,0,1,1,1,1,0,1,1,10,500,1e+06,0.65,0.15849,0.19905,0.87549
0,1,0,1,1,1,1,1,0,0,10,500,1e+06,0.65,0.13636,0.16922,0.87891
0,1,0,1,1,1,1,1,0,1,10,500,1e+06,0.65,0.15799,0.20061,0.86914
0,1,0,1,1,1,1,1,1,0,10,500,1e+06,0.65,0.15519,0.20035,0.8598
0,1,0,1,1,1,1,1,1,1,10,500,1e+06,0.65,0.1735,0.20076,0.91992
0,1,1,0,0,0,0,0,0,0,10,500,1e+06,0.65,0.052044,0.097935,0.6582
0,1,1,0,0,0,0,0,0,1,10,500,1e+06,0.65,0.076341,0.13691,0.68628
0,1,1,0,0,0,0,0,1,0,10,500,1e+06,0.65,0.07763,0.13745,0.69336
0,1,1,0,0,0,0,0,1,1,10,500,1e+06,0.65,0.097407,0.13348,0.82812
0,1,1,0,0,0,0,1,0,0,10,500,1e+06,0.65,0.078022,0.14156,0.67773
0,1,1,0,0,0,0,1,0,1,10,500,1e+06,0.65,0.10072,0.17371,0.70996
0,1,1,0,0,0,0,1,1,0,10,500,1e+06,0.65,0.099045,0.17391,0.70117
0,1,1,0,0,0,0,1,1,1,10,500,1e+06,0.65,0.11713,0.17038,0.7959
0,1,1,0,0,0,1,0,0,0,10,500,1e+06,0.65,0.078418,0.14162,0.68117
0,1,1,0,0,0,1,0,0,1,10,500,1e+06,0.65,0.10152,0.17371,0.71387
0,1,1,0,0,0,1,0,1,0,10,500,1e+06,0.65,0.10185,0.17382,0.71582
0,1,1,0,0,0,1,0,1,1,10,500,1e+06,0.65,0.12079,0.1704,0.81055
0,1,1,0,0,0,1,1,0,0,10,500,1e+06,0.65,0.099346,0.13816,0.81714
0,1,1,0,0,0,1,1,0,1,10,500,1e+06,0.65,0.12136,0.17006,0.81519
0,1,1,0,0,0,1,1,1,0,10,500,1e+06,0.65,0.11909,0.17038,0.80591
0,1,1,0,0,0,1,1,1,1,10,500,1e+06,0.65,0.13677,0.16987,0.88184
0,1,1,0,0,1,0,0,0,0,10,500,1e+06,0.65,0.07808,0.13705,0.69727
0,1,1,0,0,1,0,0,0,1,10,500,1e+06,0.65,0.10137,0.17372,0.71322
0,1,1,0,0,1,0,0,1,0,10,500,1e+06,0.65,0.10258,0.17341,0.71899
0,1,1,0,0,1,0,0,1,1,10,500,1e+06,0.65,0.12157,0.16995,0.81641
0,1,1,0,0,1,0,1,0,0,10,500,1e+06,0.65,0.10147,0.17369,0.71289
0,1,1,0,0,1,0,1,0,1,10,500,1e+06,0.65,0.12406,0.2037,0.73633
0,1,1,0,0,1,0,1,1,0,10,500,1e+06,0.65,0.12187,0.20403,0.72656
0,1,1,0,0,1,0,1,1,1,10,500,1e+06,0.65,0.1401,0.20129,0.80518
0,1,1,0,0,1,1,0,0,0,10,500,1e+06,0.65,0.09922,0.17372,0.7019
0,1,1,0,0,1,1,0,0,1,10,500,1e+06,0.65,0.12174,0.20368,0.72656
0,1,1,0,0,1,1,0,1,0,10,500,1e+06,0.65,0.12188,0.20395,0.72803
0,1,1,0,0,1,1,0,1,1,10,500,1e+06,0.65,0.141,0.20106,0.80835
0,1,1,0,0,1,1,1,0,0,10,500,1e+06,0.65,0.11896,0.1699,0.80518
0,1,1,0,0,1,1,1,0,1,10,500,1e+06,0.65,0.1401,0.20137,0.80518
0,1,1,0,0,1,1,1,1,0,10,500,1e+06,0.65,0.13763,0.20109,0.7949
0,1,1,0,0,1,1,1,1,1,10,500,1e+06,0.65,0.15607,0.20065,0.86327
0,1,1,0,1,0,0,0,0,0,10,500,1e+06,0.65,0.076638,0.13724,0.68738
0,1,1,0,1,0,0,0,0,1,10,500,1e+06,0.65,0.10031,0.17375,0.70703
0,1,1,0,1,0,0,0,1,0,10,500,1e+06,0.65,0.10148,0.17379,0.71283
0,1,1,0,1,0,0,0,1,1,10,500,1e+06,0.65,0.121,0.16977,0.81396
0,1,1,0,1,0,0,1,0,0,10,500,1e+06,0.65,0.10161,0.17373,0.71533
0,1,1,0,1,0,0,1,0,1,10,500,1e+06,0.65,0.12353,0.20409,0.73438
0,1,1,0,1,0,0,1,1,0,10,500,1e+06,0.65,0.12151,0.20409,0.72556
0,1,1,0,1,0,0,1,1,1,10,500,1e+06,0.65,0.14052,0.20111,0.80664
0,1,1,0,1,0,1,0,0,0,10,500,1e+06,0.65,0.10064,0.17333,0.70947
0,1,1,0,1,0,1,0,0,1,10,500,1e+06,0.65,0.12434,0.20403,0.73694
0,1,1,0,1,0,1,0,1,0,10,500,1e+06,0.65,0.12373,0.20388,0.73462
0,1,1,0,1,0,1,0,1,1,10,500,1e+06,0.65,0.14234,0.20134,0.81445
0,1,1,0,1,0,1,1,0,0,10,500,1e+06,0.65,0.12134,0.17051,0.81641
0,1,1,0,1,0,1,1,0,1,10,500,1e+06,0.65,0.14311,0.20127,0.81641
0,1,1,0,1,0,1,1,1,0,10,500,1e+06,0.65,0.14032,0.20074,0.80566
0,1,1,0,1,0,1,1,1,1,10,500,1e+06,0.65,0.15859,0.20073,0.87158
0,1,1,0,1,1,0,0,0,0,10,500,1e+06,0.65,0.097844,0.13339,0.8291
0,1,1,0,1,1,0,0,0,1,10,500,1e+06,0.65,0.12101,0.17026,0.81348
0,1,1,0,1,1,0,0,1,0,10,500,1e+06,0.65,0.12158,0.17041,0.81641
0,1,1,0,1,1,0,0,1,1,10,500,1e+06,0.65,0.14041,0.16897,0.89844
0,1,1,0,1,1,0,1,0,0,10,500,1e+06,0.65,0.12065,0.16997,0.8125
0,1,1,0,1,1,0,1,0,1,10,500,1e+06,0.65,0.1423,0.20121,0.8125
0,1,1,0,1,1,0,1,1,0,10,500,1e+06,0.65,0.14115,0.20113,0.80853
0,1,1,0,1,1,0,1,1,1,10,500,1e+06,0.65,0.15846,0.19921,0.87611
0,1,1,0,1,1,1,0,0,0,10,500,1e+06,0.65,0.11761,0.1703,0.79883
0,1,1,0,1,1,1,0,0,1,10,500,1e+06,0.65,0.13991,0.20136,0.80469
0,1,1,0,1,1,1,0,1,0,10,500,1e+06,0.65,0.14012,0.20126,0.80569
0,1,1,0,1,1,1,0,1,1,10,500,1e+06,0.65,0.15842,0.19967,0.875
0,1,1,0,1,1,1,1,0,0,10,500,1e+06,0.65,0.13714,0.16936,0.88379
0,1,1,0,1,1,1,1,0,1,10,500,1e+06,0.65,0.15856,0.20088,0.87183
0,1,1,0,1,1,1,1,1,0,10,500,1e+06,0.65,0.15541,0.2007,0.86084
0,1,1,0,1,1,1,1,1,1,10,500,1e+06,0.65,0.1743,0.20104,0.92163
0,1,1,1,0,0,0,0,0,0,10,500,1e+06,0.65,0.073016,0.093813,0.8584
0,1,1,1,0,0,0,0,0,1,10,500,1e+06,0.65,0.096889,0.13333,0.82422
0,1,1,1,0,0,0,0,1,0,10,500,1e+06,0.65,0.098633,0.13379,0.83521
0,1,1,1,0,0,0,0,1,1,10,500,1e+06,0.65,0.11752,0.1315,0.9375
0,1,1,1,0,0,0,1,0,0,10,500,1e+06,0.65,0.098403,0.13787,0.81201
0,1,1,1,0,0,0,1,0,1,10,500,1e+06,0.65,0.12091,0.17023,0.81458
0,1,1,1,0,0,0,1,1,0,10,500,1e+06,0.65,0.11866,0.16993,0.80396
0,1,1,1,0,0,0,1,1,1,10,500,1e+06,0.65,0.1373,0.16831,0.88818
0,1,1,1,0,0,1,0,0,0,10,500,1e+06,0.65,0.098008,0.13818,0.81055
0,1,1,1,0,0,1,0,0,1,10,500,1e+06,0.65,0.12105,0.17014,0.81567
0,1,1,1,0,0,1,0,1,0,10,500,1e+06,0.65,0.12153,0.17037,0.81641
0,1,1,1,0,0,1,0,1,1,10,500,1e+06,0.65,0.14015,0.1686,0.89893
0,1,1,1,0,0,1,1,0,0,10,500,1e+06,0.65,0.11868,0.13714,0.9212
0,1,1,1,0,0,1,1,0,1,10,500,1e+06,0.65,0.14053,0.16863,0.9004
0,1,1,1,0,0,1,1,1,0,10,500,1e+06,0.65,0.13798,0.16933,0.88867
0,1,1,1,0,0,1,1,1,1,10,500,1e+06,0.65,0.15569,0.16903,0.95459
0,1,1,1,0,1,0,0,0,0,10,500,1e+06,0.65,0.096826,0.13337,0.82031
0,1,1,1,0,1,0,0,0,1,10,500,1e+06,0.65,0.12029,0.17008,0.80957
0,1,1,1,0,1,0,0,1,0,10,500,1e+06,0.65,0.12142,0.17073,0.81598
0,1,1,1,0,1,0,0,1,1,10,500,1e+06,0.65,0.14056,0.1682,0.90039
0,1,1,1,0,1,0,1,0,0,10,500,1e+06,0.65,0.12081,0.1706,0.8125
0,1,1,1,0,1,0,1,0,1,10,500,1e+06,0.65,0.14206,0.20104,0.81244
0,1,1,1,0,1,0,1,1,0,10,500,1e+06,0.65,0.14015,0.20109,0.80466
0,1,1,1,0,1,0,1,1,1,10,500,1e+06,0.65,0.15815,0.19952,0.87402
0,1,1,1,0,1,1,0,0,0,10,500,1e+06,0.65,0.11716,0.17047,0.79639
0,1,1,1,0,1,1,0,0,1,10,500,1e+06,0.65,0.14023,0.20172,0.80469
0,1,1,1,0,1,1,0,1,0,10,500,1e+06,0.65,0.14031,0.20106,0.80615
0,1,1,1,0,1,1,0,1,1,10,500,1e+06,0.65,0.15882,0.19913,0.87548
0,1,1,1,0,1,1,1,0,0,10,500,1e+06,0.65,0.13726,0.16888,0.88818
0,1,1,1,0,1,1,1,0,1,10,500,1e+06,0.65,0.15813,0.19949,0.87354
0,1,1,1,0,1,1,1,1,0,10,500,1e+06,0.65,0.15621,0.19918,0.86719
0,1,1,1,0,1,1,1,1,1,10,500,1e+06,0.65,0.17389,0.19992,0.92334
0,1,1,1,1,0,0,0,0,0,10,500,1e+06,0.65,0.093284,0.13327,0.80176
0,1,1,1,1,0,0,0,0,1,10,500,1e+06,0.65,0.11687,0.17062,0.79468
0,1,1,1,1,0,0,0,1,0,10,500,1e+06,0.65,0.11809,0.17074,0.80078
0,1,1,1,1,0,0,0,1,1,10,500,1e+06,0.65,0.13751,0.16883,0.88672
0,1,1,1,1,0,0,1,0,0,10,500,1e+06,0.65,0.11864,0.17058,0.8028
0,1,1,1,1,0,0,1,0,1,10,500,1e+06,0.65,0.13961,0.20111,0.80322
0,1,1,1,1,0,0,1,1,0,10,500,1e+06,0.65,0.13823,0.20075,0.79834
0,1,1,1,1,0,0,1,1,1,10,500,1e+06,0.65,0.15626,0.19898,0.86792
0,1,1,1,1,0,1,0,0,0,10,500,1e+06,0.65,0.11686,0.17046,0.7959
0,1,1,1,1,0,1,0,0,1,10,500,1e+06,0.65,0.13971,0.2011,0.80426
0,1,1,1,1,0,1,0,1,0,10,500,1e+06,0.65,0.13983,0.2015,0.80469
0,1,1,1,1,0,1,0,1,1,10,500,1e+06,0.65,0.15823,0.19913,0.87305
0,1,1,1,1,0,1,1,0,0,10,500,1e+06,0.65,0.13728,0.16829,0.88794
0,1,1,1,1,0,1,1,0,1,10,500,1e+06,0.65,0.15783,0.19973,0.87207
0,1,1,1,1,0,1,1,1,0,10,500,1e+06,0.65,0.1561,0.1994,0.86621
0,1,1,1,1,0,1,1,1,1,10,500,1e+06,0.65,0.17438,0.20006,0.92578
0,1,1,1,1,1,0,0,0,0,10,500,1e+06,0.65,0.11377,0.13262,0.91602
0,1,1,1,1,1,0,0,0,1,10,500,1e+06,0.65,0.13668,0.17001,0.8811
0,1,1,1,1,1,0,0,1,0,10,500,1e+06,0.65,0.13701,0.17008,0.88281
0,1,1,1,1,1,0,0,1,1,10,500,1e+06,0.65,0.15594,0.16923,0.95508
0,1,1,1,1,1,0,1,0,0,10,500,1e+06,0.65,0.13669,0.16976,0.88184
0,1,1,1,1,1,0,1,0,1,10,500,1e+06,0.65,0.15844,0.20069,0.87085
0,1,1,1,1,1,0,1,1,0,10,500,1e+06,0.65,0.15608,0.20032,0.86353
0,1,1,1,1,1,0,1,1,1,10,500,1e+06,0.65,0.17415,0.19954,0.92581
0,1,1,1,1,1,1,0,0,0,10,500,1e+06,0.65,0.13293,0.16961,0.86719
0,1,1,1,1,1,1,0,0,1,10,500,1e+06,0.65,0.15566,0.20099,0.86145
0,1,1,1,1,1,1,0,1,0,10,500,1e+06,0.65,0.1555,0.20078,0.86096
0,1,1,1,1,1,1,0,1,1,10,500,1e+06,0.65,0.17383,0.19973,0.92529
0,1,1,1,1,1,1,1,0,0,10,500,1e+06,0.65,0.15252,0.1697,0.94043
0,1,1,1,1,1,1,1,0,1,10,500,1e+06,0.65,0.17385,0.20111,0.92041
0,1,1,1,1,1,1,1,1,0,10,500,1e+06,0.65,0.17154,0.20075,0.91394
0,1,1,1,1,1,1,1,1,1,10,500,1e+06,0.65,0.18867,0.20096,0.96387
1,0,0,0,0,0,0,0,0,0,10,500,1e+06,0.65,0.028715,0.054836,0.63281
1,0,0,0,0,0,0,0,0,1,10,500,1e+06,0.65,0.05168,0.098509,0.65222
1,0,0,0,0,0,0,0,1,0,10,500,1e+06,0.65,0.054827,0.097998,0.68164
1,0,0,0,0,0,0,0,1,1,10,500,1e+06,0.65,0.07301,0.093964,0.85938
1,0,0,0,0,0,0,1,0,0,10,500,1e+06,0.65,0.056199,0.10284,0.66602
1,0,0,0,0,0,0,1,0,1,10,500,1e+06,0.65,0.076238,0.13762,0.68555
1,0,0,0,0,0,0,1,1,0,10,500,1e+06,0.65,0.076431,0.13721,0.68604
1,0,0,0,0,0,0,1,1,1,10,500,1e+06,0.65,0.093595,0.13361,0.80322
1,0,0,0,0,0,1,0,0,0,10,500,1e+06,0.65,0.056388,0.10303,0.66797
1,0,0,0,0,0,1,0,0,1,10,500,1e+06,0.65,0.077932,0.13751,0.69727
1,0,0,0,0,0,1,0,1,0,10,500,1e+06,0.65,0.079964,0.13686,0.70898
1,0,0,0,0,0,1,0,1,1,10,500,1e+06,0.65,0.096731,0.13332,0.82031
1,0,0,0,0,0,1,1,0,0,10,500,1e+06,0.65,0.077969,0.099556,0.86108
1,0,0,0,0,0,1,1,0,1,10,500,1e+06,0.65,0.097346,0.13349,0.82617
1,0,0,0,0,0,1,1,1,0,10,500,1e+06,0.65,0.097092,0.13342,0.82646
1,0,0,0,0,0,1,1,1,1,10,500,1e+06,0.65,0.11324,0.13265,0.91187
1,0,0,0,0,1,0,0,0,0,10,500,1e+06,0.65,0.05666,0.10316,0.66992
1,0,0,0,0,1,0,0,0,1,10,500,1e+06,0.65,0.078087,0.14178,0.67871
1,0,0,0,0,1,0,0,1,0,10,500,1e+06,0.65,0.080577,0.14169,0.69531
1,0,0,0,0,1,0,0,1,1,10,500,1e+06,0.65,0.09844,0.1378,0.81262
1,0,0,0,0,1,0,1,0,0,10,500,1e+06,0.65,0.081052,0.14186,0.69727
1,0,0,0,0,1,0,1,0,1,10,500,1e+06,0.65,0.10031,0.1736,0.70801
1,0,0,0,0,1,0,1,1,0,10,500,1e+06,0.65,0.10024,0.17352,0.70703
1,0,0,0,0,1,0,1,1,1,10,500,1e+06,0.65,0.11672,0.17007,0.79492
1,0,0,0,0,1,1,0,0,0,10,500,1e+06,0.65,0.078425,0.14162,0.68164
1,0,0,0,0,1,1,0,0,1,10,500,1e+06,0.65,0.099117,0.1739,0.7019
1,0,0,0,0,1,1,0,1,0,10,500,1e+06,0.65,0.10069,0.17315,0.70972
1,0,0,0,0,1,1,0,1,1,10,500,1e+06,0.65,0.1177,0.17038,0.79785
1,0,0,0,0,1,1,1,0,0,10,500,1e+06,0.65,0.098409,0.13794,0.81055
1,0,0,0,0,1,1,1,0,1,10,500,1e+06,0.65,0.11764,0.1701,0.79883
1,0,0,0,0,1,1,1,1,0,10,500,1e+06,0.65,0.11655,0.17006,0.79297
1,0,0,0,0,1,1,1,1,1,10,500,1e+06,0.65,0.13328,0.1698,0.86914
1,0,0,0,1,0,0,0,0,0,10,500,1e+06,0.65,0.056603,0.10296,0.66797
1,0,0,0,1,0,0,0,0,1,10,500,1e+06,0.65,0.078373,0.1414,0.68164
1,0,0,0,1,0,0,0,1,0,10,500,1e+06,0.65,0.081103,0.1414,0.69727
1,0,0,0,1,0,0,0,1,1,10,500,1e+06,0.65,0.098588,0.13813,0.8125
1,0,0,0,1,0,0,1,0,0,10,500,1e+06,0.65,0.081777,0.14166,0.7002
1,0,0,0,1,0,0,1,0,1,10,500,1e+06,0.65,0.10181,0.17336,0.71533
1,0,0,0,1,0,0,1,1,0,10,500,1e+06,0.65,0.10151,0.17369,0.71387
1,0,0,0,1,0,0,1,1,1,10,500,1e+06,0.65,0.11788,0.17061,0.79883
1,0,0,0,1,0,1,0,0,0,10,500,1e+06,0.65,0.080843,0.14158,0.69556
1,0,0,0,1,0,1,0,0,1,10,500,1e+06,0.65,0.10171,0.17345,0.71497
1,0,0,0,1,0,1,0,1,0,10,500,1e+06,0.65,0.10367,0.17331,0.72461
1,0,0,0,1,0,1,0,1,1,10,500,1e+06,0.65,0.12058,0.17022,0.81152
1,0,0,0,1,0,1,1,0,0,10,500,1e+06,0.65,0.10188,0.13821,0.83203
1,0,0,0,1,0,1,1,0,1,10,500,1e+06,0.65,0.12067,0.16991,0.8125
1,0,0,0,1,0,1,1,1,0,10,500,1e+06,0.65,0.12024,0.17019,0.80957
1,0,0,0,1,0,1,1,1,1,10,500,1e+06,0.65,0.13633,0.16949,0.87891
1,0,0,0,1,1,0,0,0,0,10,500,1e+06,0.65,0.078255,0.099694,0.86322
1,0,0,0,1,1,0,0,0,1,10,500,1e+06,0.65,0.099569,0.13828,0.81641
1,0,0,0,1,1,0,0,1,0,10,500,1e+06,0.65,0.10172,0.13826,0.83008
1,0,0,0,1,1,0,0,1,1,10,500,1e+06,0.65,0.11869,0.13646,0.91797
1,0,0,0,1,1,0,1,0,0,10,500,1e+06,0.65,0.10156,0.1381,0.82812
1,0,0,0,1,1,0,1,0,1,10,500,1e+06,0.65,0.12123,0.17045,0.81519
1,0,0,0,1,1,0,1,1,0,10,500,1e+06,0.65,0.12087,0.16998,0.81372
1,0,0,0,1,1,0,1,1,1,10,500,1e+06,0.65,0.137,0.16877,0.88477
1,0,0,0,1,1,1,0,0,0,10,500,1e+06,0.65,0.098539,0.13849,0.8125
1,0,0,0,1,1,1,0,0,1,10,500,1e+06,0.65,0.11882,0.17033,0.80462
1,0,0,0,1,1,1,0,1,0,10,500,1e+06,0.65,0.12025,0.1703,0.81079
1,0,0,0,1,1,1,0,1,1,10,500,1e+06,0.65,0.13716,0.16858,0.88721
1,0,0,0,1,1,1,1,0,0,10,500,1e+06,0.65,0.11773,0.13699,0.91504
1,0,0,0,1,1,1,1,0,1,10,500,1e+06,0.65,0.13719,0.16981,0.88281
1,0,0,0,1,1,1,1,1,0,10,500,1e+06,0.65,0.13652,0.17001,0.88123
1,0,0,0,1,1,1,1,1,1,10,500,1e+06,0.65,0.15216,0.16994,0.93896
1,0,0,1,0,0,0,0,0,0,10,500,1e+06,0.65,0.055831,0.097854,0.69238
1,0,0,1,0,0,0,0,0,1,10,500,1e+06,0.65,0.077752,0.13727,0.69537
1,0,0,1,0,0,0,0,1,0,10,500,1e+06,0.65,0.080793,0.1371,0.71387
1,0,0,1,0,0,0,0,1,1,10,500,1e+06,0.65,0.09831,0.13311,0.83203
1,0,0,1,0,0,0,1,0,0,10,500,1e+06,0.65,0.081877,0.14185,0.7019
1,0,0,1,0,0,0,1,0,1,10,500,1e+06,0.65,0.10168,0.17345,0.71497
1,0,0,1,0,0,0,1,1,0,10,500,1e+06,0.65,0.10189,0.1738,0.71582
1,0,0,1,0,0,0,1,1,1,10,500,1e+06,0.65,0.11798,0.17055,0.79883
1,0,0,1,0,0,1,0,0,0,10,500,1e+06,0.65,0.08166,0.14156,0.70087
1,0,0,1,0,0,1,0,0,1,10,500,1e+06,0.65,0.10258,0.17348,0.71875
1,0,0,1,0,0,1,0,1,0,10,500,1e+06,0.65,0.10455,0.17385,0.72876
1,0,0,1,0,0,1,0,1,1,10,500,1e+06,0.65,0.12092,0.17038,0.81299
1,0,0,1,0,0,1,1,0,0,10,500,1e+06,0.65,0.10243,0.13795,0.83398
1,0,0,1,0,0,1,1,0,1,10,500,1e+06,0.65,0.12194,0.17035,0.81836
1,0,0,1,0,0,1,1,1,0,10,500,1e+06,0.65,0.12128,0.16989,0.81641
1,0,0,1,0,0,1,1,1,1,10,500,1e+06,0.65,0.13717,0.17011,0.88281
1,0,0,1,0,1,0,0,0,0,10,500,1e+06,0.65,0.081088,0.13724,0.71681
1,0,0,1,0,1,0,0,0,1,10,500,1e+06,0.65,0.10158,0.1734,0.71484
1,0,0,1,0,1,0,0,1,0,10,500,1e+06,0.65,0.10438,0.17351,0.72852
1,0,0,1,0,1,0,0,1,1,10,500,1e+06,0.65,0.12167,0.16988,0.81712
1,0,0,1,0,1,0,1,0,0,10,500,1e+06,0.65,0.10464,0.17312,0.72913
1,0,0,1,0,1,0,1,0,1,10,500,1e+06,0.65,0.12361,0.20417,0.73413
1,0,0,1,0,1,0,1,1,0,10,500,1e+06,0.65,0.1235,0.204,0.7334
1,0,0,1,0,1,0,1,1,1,10,500,1e+06,0.65,0.13979,0.20144,0.80371
1,0,0,1,0,1,1,0,0,0,10,500,1e+06,0.65,0.10168,0.17371,0.71375
1,0,0,1,0,1,1,0,0,1,10,500,1e+06,0.65,0.12223,0.20398,0.72852
1,0,0,1,0,1,1,0,1,0,10,500,1e+06,0.65,0.12405,0.20379,0.73584
1,0,0,1,0,1,1,0,1,1,10,500,1e+06,0.65,0.14013,0.20092,0.80566
1,0,0,1,0,1,1,1,0,0,10,500,1e+06,0.65,0.12123,0.17034,0.81543
1,0,0,1,0,1,1,1,0,1,10,500,1e+06,0.65,0.14035,0.20129,0.80469
1,0,0,1,0,1,1,1,1,0,10,500,1e+06,0.65,0.13927,0.20134,0.80225
1,0,0,1,0,1,1,1,1,1,10,500,1e+06,0.65,0.15556,0.20087,0.86328
1,0,0,1,1,0,0,0,0,0,10,500,1e+06,0.65,0.077628,0.13705,0.69531
1,0,0,1,1,0,0,0,0,1,10,500,1e+06,0.65,0.098895,0.17385,0.70117
1,0,0,1,1,0,0,0,1,0,10,500,1e+06,0.65,0.10197,0.174,0.71631
1,0,0,1,1,0,0,0,1,1,10,500,1e+06,0.65,0.11914,0.17025,0.8069
1,0,0,1,1,0,0,1,0,0,10,500,1e+06,0.65,0.10246,0.17376,0.71875
1,0,0,1,1,0,0,1,0,1,10,500,1e+06,0.65,0.12209,0.20339,0.72852
1,0,0,1,1,0,0,1,1,0,10,500,1e+06,0.65,0.1219,0.20404,0.72656
1,0,0,1,1,0,0,1,1,1,10,500,1e+06,0.65,0.13783,0.202,0.79663
1,0,0,1,1,0,1,0,0,0,10,500,1e+06,0.65,0.10117,0.17364,0.71191
1,0,0,1,1,0,1,0,0,1,10,500,1e+06,0.65,0.12154,0.20406,0.72559
1,0,0,1,1,0,1,0,1,0,10,500,1e+06,0.65,0.12353,0.20386,0.73389
1,0,0,1,1,0,1,0,1,1,10,500,1e+06,0.65,0.1404,0.20076,0.80859
1,0,0,1,1,0,1,1,0,0,10,500,1e+06,0.65,0.1212,0.17034,0.81529
1,0,0,1,1,0,1,1,0,1,10,500,1e+06,0.65,0.14073,0.20081,0.80817
1,0,0,1,1,0,1,1,1,0,10,500,1e+06,0.65,0.1403,0.20126,0.80602
1,0,0,1,1,0,1,1,1,1,10,500,1e+06,0.65,0.15576,0.20095,0.86133
1,0,0,1,1,1,0,0,0,0,10,500,1e+06,0.65,0.098094,0.13361,0.83203
1,0,0,1,1,1,0,0,0,1,10,500,1e+06,0.65,0.11885,0.17035,0.80444
1,0,0,1,1,1,0,0,1,0,10,500,1e+06,0.65,0.12169,0.17036,0.81689
1,0,0,1,1,1,0,0,1,1,10,500,1e+06,0.65,0.13805,0.16889,0.88867
1,0,0,1,1,1,0,1,0,0,10,500,1e+06,0.65,0.1213,0.17021,0.81494
1,0,0,1,1,1,0,1,0,1,10,500,1e+06,0.65,0.14031,0.2015,0.80566
1,0,0,1,1,1,0,1,1,0,10,500,1e+06,0.65,0.14014,0.20065,0.80444
1,0,0,1,1,1,0,1,1,1,10,500,1e+06,0.65,0.15635,0.19957,0.86768
1,0,0,1,1,1,1,0,0,0,10,500,1e+06,0.65,0.11826,0.17051,0.80176
1,0,0,1,1,1,1,0,0,1,10,500,1e+06,0.65,0.13765,0.20095,0.79688
1,0,0,1,1,1,1,0,1,0,10,500,1e+06,0.65,0.1399,0.20107,0.80493
1,0,0,1,1,1,1,0,1,1,10,500,1e+06,0.65,0.1561,0.19965,0.86676
1,0,0,1,1,1,1,1,0,0,10,500,1e+06,0.65,0.13688,0.16938,0.88184
1,0,0,1,1,1,1,1,0,1,10,500,1e+06,0.65,0.15616,0.20044,0.86361
1,0,0,1,1,1,1,1,1,0,10,500,1e+06,0.65,0.15577,0.20036,0.86204
1,0,0,1,1,1,1,1,1,1,10,500,1e+06,0.65,0.1714,0.20061,0.91382
1,0,1,0,0,0,0,0,0,0,10,500,1e+06,0.65,0.054733,0.09812,0.68359
1,0,1,0,0,0,0,0,0,1,10,500,1e+06,0.65,0.076546,0.1369,0.6875
1,0,1,0,0,0,0,0,1,0,10,500,1e+06,0.65,0.079383,0.13728,0.70508
1,0,1,0,0,0,0,0,1,1,10,500,1e+06,0.65,0.097092,0.13347,0.82617
1,0,1,0,0,0,0,1,0,0,10,500,1e+06,0.65,0.080604,0.14163,0.69336
1,0,1,0,0,0,0,1,0,1,10,500,1e+06,0.65,0.10039,0.17361,0.70776
1,0,1,0,0,0,0,1,1,0,10,500,1e+06,0.65,0.10092,0.17331,0.71098
1,0,1,0,0,0,0,1,1,1,10,500,1e+06,0.65,0.11699,0.17026,0.79541
1,0,1,0,0,0,1,0,0,0,10,500,1e+06,0.65,0.08094,0.14156,0.69629
1,0,1,0,0,0,1,0,0,1,10,500,1e+06,0.65,0.10133,0.17348,0.7124
1,0,1,0,0,0,1,0,1,0,10,500,1e+06,0.65,0.10396,0.17334,0.72656
1,0,1,0,0,0,1,0,1,1,10,500,1e+06,0.65,0.11991,0.17031,0.80759
1,0,1,0,0,0,1,1,0,0,10,500,1e+06,0.65,0.10177,0.13846,0.83008
1,0,1,0,0,0,1,1,0,1,10,500,1e+06,0.65,0.12068,0.17026,0.8125
1,0,1,0,0,0,1,1,1,0,10,500,1e+06,0.65,0.1202,0.17015,0.81128
1,0,1,0,0,0,1,1,1,1,10,500,1e+06,0.65,0.13649,0.16973,0.88037
1,0,1,0,0,1,0,0,0,0,10,500,1e+06,0.65,0.081235,0.1374,0.7168
1,0,1,0,0,1,0,0,0,1,10,500,1e+06,0.65,0.10127,0.17336,0.71094
1,0,1,0,0,1,0,0,1,0,10,500,1e+06,0.65,0.10428,0.17348,0.72852
1,0,1,0,0,1,0,0,1,1,10,500,1e+06,0.65,0.12119,0.16978,0.81494
1,0,1,0,0,1,0,1,0,0,10,500,1e+06,0.65,0.10394,0.1735,0.72659
1,0,1,0,0,1,0,1,0,1,10,500,1e+06,0.65,0.12379,0.20377,0.73633
1,0,1,0,0,1,0,1,1,0,10,500,1e+06,0.65,0.12392,0.20343,0.73584
1,0,1,0,0,1,0,1,1,1,10,500,1e+06,0.65,0.13959,0.20102,0.80298
1,0,1,0,0,1,1,0,0,0,10,500,1e+06,0.65,0.1023,0.17368,0.71753
1,0,1,0,0,1,1,0,0,1,10,500,1e+06,0.65,0.12202,0.20388,0.72803
1,0,1,0,0,1,1,0,1,0,10,500,1e+06,0.65,0.12377,0.20398,0.73535
1,0,1,0,0,1,1,0,1,1,10,500,1e+06,0.65,0.13976,0.20157,0.8042
1,0,1,0,0,1,1,1,0,0,10,500,1e+06,0.65,0.12147,0.17055,0.81628
1,0,1,0,0,1,1,1,0,1,10,500,1e+06,0.65,0.14011,0.20075,0.80469
1,0,1,0,0,1,1,1,1,0,10,500,1e+06,0.65,0.13981,0.20135,0.80469
1,0,1,0,0,1,1,1,1,1,10,500,1e+06,0.65,0.15578,0.20105,0.86224
1,0,1,0,1,0,0,0,0,0,10,500,1e+06,0.65,0.079794,0.13722,0.70901
1,0,1,0,1,0,0,0,0,1,10,500,1e+06,0.65,0.10097,0.17344,0.71038
1,0,1,0,1,0,0,0,1,0,10,500,1e+06,0.65,0.10359,0.17398,0.72418
1,0,1,0,1,0,0,0,1,1,10,500,1e+06,0.65,0.12082,0.17007,0.81348
1,0,1,0,1,0,0,1,0,0,10,500,1e+06,0.65,0.1046,0.17388,0.729
1,0,1,0,1,0,0,1,0,1,10,500,1e+06,0.65,0.12353,0.20382,0.73389
1,0,1,0,1,0,0,1,1,0,10,500,1e+06,0.65,0.12356,0.2039,0.73438
1,0,1,0,1,0,0,1,1,1,10,500,1e+06,0.65,0.14028,0.20076,0.80566
1,0,1,0,1,0,1,0,0,0,10,500,1e+06,0.65,0.10353,0.17348,0.72363
1,0,1,0,1,0,1,0,0,1,10,500,1e+06,0.65,0.12373,0.20379,0.73587
1,0,1,0,1,0,1,0,1,0,10,500,1e+06,0.65,0.12592,0.20344,0.74414
1,0,1,0,1,0,1,0,1,1,10,500,1e+06,0.65,0.14186,0.20124,0.81165
1,0,1,0,1,0,1,1,0,0,10,500,1e+06,0.65,0.12351,0.17043,0.8252
1,0,1,0,1,0,1,1,0,1,10,500,1e+06,0.65,0.14266,0.2008,0.81543
1,0,1,0,1,0,1,1,1,0,10,500,1e+06,0.65,0.14221,0.20113,0.81201
1,0,1,0,1,0,1,1,1,1,10,500,1e+06,0.65,0.15794,0.2006,0.86914
1,0,1,0,1,1,0,0,0,0,10,500,1e+06,0.65,0.10037,0.13317,0.84326
1,0,1,0,1,1,0,0,0,1,10,500,1e+06,0.65,0.12121,0.17069,0.81543
1,0,1,0,1,1,0,0,1,0,10,500,1e+06,0.65,0.12401,0.17065,0.82617
1,0,1,0,1,1,0,0,1,1,10,500,1e+06,0.65,0.14018,0.16877,0.8985
1,0,1,0,1,1,0,1,0,0,10,500,1e+06,0.65,0.12355,0.17034,0.82495
1,0,1,0,1,1,0,1,0,1,10,500,1e+06,0.65,0.14245,0.2008,0.81445
1,0,1,0,1,1,0,1,1,0,10,500,1e+06,0.65,0.14237,0.20088,0.81451
1,0,1,0,1,1,0,1,1,1,10,500,1e+06,0.65,0.15859,0.19951,0.875
1,0,1,0,1,1,1,0,0,0,10,500,1e+06,0.65,0.12045,0.17026,0.81055
1,0,1,0,1,1,1,0,0,1,10,500,1e+06,0.65,0.14002,0.20106,0.80469
1,0,1,0,1,1,1,0,1,0,10,500,1e+06,0.65,0.14222,0.20113,0.81299
1,0,1,0,1,1,1,0,1,1,10,500,1e+06,0.65,0.15861,0.19955,0.875
1,0,1,0,1,1,1,1,0,0,10,500,1e+06,0.65,0.13984,0.16927,0.89325
1,0,1,0,1,1,1,1,0,1,10,500,1e+06,0.65,0.15846,0.20092,0.87158
1,0,1,0,1,1,1,1,1,0,10,500,1e+06,0.65,0.15792,0.20062,0.87012
1,0,1,0,1,1,1,1,1,1,10,500,1e+06,0.65,0.17372,0.20105,0.9202
1,0,1,1,0,0,0,0,0,0,10,500,1e+06,0.65,0.076818,0.094173,0.88721
1,0,1,1,0,0,0,0,0,1,10,500,1e+06,0.65,0.097807,0.13319,0.83008
1,0,1,1,0,0,0,0,1,0,10,500,1e+06,0.65,0.10079,0.13343,0.84717
1,0,1,1,0,0,0,0,1,1,10,500,1e+06,0.65,0.11772,0.13179,0.93903
1,0,1,1,0,0,0,1,0,0,10,500,1e+06,0.65,0.10168,0.13795,0.83105
1,0,1,1,0,0,0,1,0,1,10,500,1e+06,0.65,0.12085,0.17029,0.8125
1,0,1,1,0,0,0,1,1,0,10,500,1e+06,0.65,0.12134,0.17042,0.81567
1,0,1,1,0,0,0,1,1,1,10,500,1e+06,0.65,0.1369,0.1686,0.88629
1,0,1,1,0,0,1,0,0,0,10,500,1e+06,0.65,0.10154,0.13758,0.83105
1,0,1,1,0,0,1,0,0,1,10,500,1e+06,0.65,0.12146,0.17002,0.81635
1,0,1,1,0,0,1,0,1,0,10,500,1e+06,0.65,0.12382,0.17015,0.82617
1,0,1,1,0,0,1,0,1,1,10,500,1e+06,0.65,0.14016,0.16873,0.89941
1,0,1,1,0,0,1,1,0,0,10,500,1e+06,0.65,0.12206,0.13696,0.9353
1,0,1,1,0,0,1,1,0,1,10,500,1e+06,0.65,0.14059,0.16838,0.89948
1,0,1,1,0,0,1,1,1,0,10,500,1e+06,0.65,0.14028,0.16942,0.89844
1,0,1,1,0,0,1,1,1,1,10,500,1e+06,0.65,0.15588,0.16933,0.95483
1,0,1,1,0,1,0,0,0,0,10,500,1e+06,0.65,0.10079,0.13376,0.84375
1,0,1,1,0,1,0,0,0,1,10,500,1e+06,0.65,0.12088,0.16987,0.81299
1,0,1,1,0,1,0,0,1,0,10,500,1e+06,0.65,0.12359,0.17025,0.82476
1,0,1,1,0,1,0,0,1,1,10,500,1e+06,0.65,0.14009,0.16808,0.89843
1,0,1,1,0,1,0,1,0,0,10,500,1e+06,0.65,0.12361,0.17018,0.82471
1,0,1,1,0,1,0,1,0,1,10,500,1e+06,0.65,0.14282,0.20105,0.81592
1,0,1,1,0,1,0,1,1,0,10,500,1e+06,0.65,0.14267,0.20092,0.81421
1,0,1,1,0,1,0,1,1,1,10,500,1e+06,0.65,0.15827,0.19938,0.87402
1,0,1,1,0,1,1,0,0,0,10,500,1e+06,0.65,0.12116,0.17034,0.81396
1,0,1,1,0,1,1,0,0,1,10,500,1e+06,0.65,0.14089,0.20067,0.80859
1,0,1,1,0,1,1,0,1,0,10,500,1e+06,0.65,0.14225,0.2013,0.81446
1,0,1,1,0,1,1,0,1,1,10,500,1e+06,0.65,0.15858,0.19969,0.875
1,0,1,1,0,1,1,1,0,0,10,500,1e+06,0.65,0.14006,0.16854,0.89844
1,0,1,1,0,1,1,1,0,1,10,500,1e+06,0.65,0.15864,0.19945,0.875
1,0,1,1,0,1,1,1,1,0,10,500,1e+06,0.65,0.15783,0.1996,0.87305
1,0,1,1,0,1,1,1,1,1,10,500,1e+06,0.65,0.17395,0.20002,0.92432
1,0,1,1,1,0,0,0,0,0,10,500,1e+06,0.65,0.096817,0.13383,0.82227
1,0,1,1,1,0,0,0,0,1,10,500,1e+06,0.65,0.11769,0.17032,0.79785
1,0,1,1,1,0,0,0,1,0,10,500,1e+06,0.65,0.12056,0.17049,0.8125
1,0,1,1,1,0,0,0,1,1,10,500,1e+06,0.65,0.13741,0.16883,0.88873
1,0,1,1,1,0,0,1,0,0,10,500,1e+06,0.65,0.12138,0.1701,0.81494
1,0,1,1,1,0,0,1,0,1,10,500,1e+06,0.65,0.14031,0.20095,0.80664
1,0,1,1,1,0,0,1,1,0,10,500,1e+06,0.65,0.14017,0.20154,0.80618
1,0,1,1,1,0,0,1,1,1,10,500,1e+06,0.65,0.15623,0.19938,0.86719
1,0,1,1,1,0,1,0,0,0,10,500,1e+06,0.65,0.1203,0.1706,0.80957
1,0,1,1,1,0,1,0,0,1,10,500,1e+06,0.65,0.1401,0.20128,0.80518
1,0,1,1,1,0,1,0,1,0,10,500,1e+06,0.65,0.14209,0.20092,0.8125
1,0,1,1,1,0,1,0,1,1,10,500,1e+06,0.65,0.15814,0.1997,0.875
1,0,1,1,1,0,1,1,0,0,10,500,1e+06,0.65,0.14009,0.16839,0.89844
1,0,1,1,1,0,1,1,0,1,10,500,1e+06,0.65,0.15822,0.19987,0.87402
1,0,1,1,1,0,1,1,1,0,10,500,1e+06,0.65,0.15845,0.19933,0.875
1,0,1,1,1,0,1,1,1,1,10,500,1e+06,0.65,0.17392,0.20003,0.92444
1,0,1,1,1,1,0,0,0,0,10,500,1e+06,0.65,0.11717,0.13305,0.93066
1,0,1,1,1,1,0,0,0,1,10,500,1e+06,0.65,0.13692,0.16996,0.88159
1,0,1,1,1,1,0,0,1,0,10,500,1e+06,0.65,0.13979,0.16954,0.89404
1,0,1,1,1,1,0,0,1,1,10,500,1e+06,0.65,0.15601,0.16884,0.95605
1,0,1,1,1,1,0,1,0,0,10,500,1e+06,0.65,0.13969,0.17004,0.89262
1,0,1,1,1,1,0,1,0,1,10,500,1e+06,0.65,0.1585,0.20093,0.87085
1,0,1,1,1,1,0,1,1,0,10,500,1e+06,0.65,0.15808,0.20099,0.87061
1,0,1,1,1,1,0,1,1,1,10,500,1e+06,0.65,0.17443,0.19968,0.92578
1,0,1,1,1,1,1,0,0,0,10,500,1e+06,0.65,0.13637,0.16989,0.87872
1,0,1,1,1,1,1,0,0,1,10,500,1e+06,0.65,0.15607,0.20062,0.86328
1,0,1,1,1,1,1,0,1,0,10,500,1e+06,0.65,0.1579,0.2005,0.86864
1,0,1,1,1,1,1,0,1,1,10,500,1e+06,0.65,0.17389,0.20002,0.92334
1,0,1,1,1,1,1,1,0,0,10,500,1e+06,0.65,0.15546,0.16966,0.95014
1,0,1,1,1,1,1,1,0,1,10,500,1e+06,0.65,0.17412,0.20101,0.92139
1,0,1,1,1,1,1,1,1,0,10,500,1e+06,0.65,0.17357,0.20102,0.91968
1,0,1,1,1,1,1,1,1,1,10,500,1e+06,0.65,0.18884,0.20177,0.96387
1,1,0,0,0,0,0,0,0,0,10,500,1e+06,0.65,0.052187,0.052006,1.0024
1,1,0,0,0,0,0,0,0,1,10,500,1e+06,0.65,0.072762,0.094174,0.85742
1,1,0,0,0,0,0,0,1,0,10,500,1e+06,0.65,0.07634,0.094167,0.88478
1,1,0,0,0,0,0,0,1,1,10,500,1e+06,0.65,0.093329,0.093318,1
1,1,0,0,0,0,0,1,0,0,10,500,1e+06,0.65,0.077859,0.099401,0.85938
1,1,0,0,0,0,0,1,0,1,10,500,1e+06,0.65,0.097046,0.13319,0.82617
1,1,0,0,0,0,0,1,1,0,10,500,1e+06,0.65,0.097517,0.13315,0.82812
1,1,0,0,0,0,0,1,1,1,10,500,1e+06,0.65,0.11302,0.13278,0.91119
1,1,0,0,0,0,1,0,0,0,10,500,1e+06,0.65,0.078347,0.099281,0.86328
1,1,0,0,0,0,1,0,0,1,10,500,1e+06,0.65,0.098273,0.13331,0.83206
1,1,0,0,0,0,1,0,1,0,10,500,1e+06,0.65,0.10098,0.13343,0.84619
1,1,0,0,0,0,1,0,1,1,10,500,1e+06,0.65,0.11686,0.13279,0.93018
1,1,0,0,0,0,1,1,0,0,10,500,1e+06,0.65,0.099228,0.09916,1
1,1,0,0,0,0,1,1,0,1,10,500,1e+06,0.65,0.11715,0.13204,0.93567
1,1,0,0,0,0,1,1,1,0,10,500,1e+06,0.65,0.11735,0.13116,0.93652
1,1,0,0,0,0,1,1,1,1,10,500,1e+06,0.65,0.13299,0.13346,0.99951
1,1,0,0,0,1,0,0,0,0,10,500,1e+06,0.65,0.078404,0.099299,0.86523
1,1,0,0,0,1,0,0,0,1,10,500,1e+06,0.65,0.098606,0.13785,0.81445
1,1,0,0,0,1,0,0,1,0,10,500,1e+06,0.65,0.10195,0.13744,0.83203
1,1,0,0,0,1,0,0,1,1,10,500,1e+06,0.65,0.11786,0.13748,0.91602
1,1,0,0,0,1,0,1,0,0,10,500,1e+06,0.65,0.10196,0.13809,0.83008
1,1,0,0,0,1,0,1,0,1,10,500,1e+06,0.65,0.12074,0.17026,0.81445
1,1,0,0,0,1,0,1,1,0,10,500,1e+06,0.65,0.12086,0.17039,0.81299
1,1,0,0,0,1,0,1,1,1,10,500,1e+06,0.65,0.1364,0.16996,0.87891
1,1,0,0,0,1,1,0,0,0,10,500,1e+06,0.65,0.099664,0.13806,0.81836
1,1,0,0,0,1,1,0,0,1,10,500,1e+06,0.65,0.11848,0.17026,0.80273
1,1,0,0,0,1,1,0,1,0,10,500,1e+06,0.65,0.1213,0.17024,0.81641
1,1,0,0,0,1,1,0,1,1,10,500,1e+06,0.65,0.13692,0.16955,0.88293
1,1,0,0,0,1,1,1,0,0,10,500,1e+06,0.65,0.11889,0.13692,0.91992
1,1,0,0,0,1,1,1,0,1,10,500,1e+06,0.65,0.13721,0.16831,0.88672
1,1,0,0,0,1,1,1,1,0,10,500,1e+06,0.65,0.13707,0.16822,0.88672
1,1,0,0,0,1,1,1,1,1,10,500,1e+06,0.65,0.15235,0.1694,0.94043
1,1,0,0,1,0,0,0,0,0,10,500,1e+06,0.65,0.077938,0.099407,0.85938
1,1,0,0,1,0,0,0,0,1,10,500,1e+06,0.65,0.098283,0.13782,0.81226
1,1,0,0,1,0,0,0,1,0,10,500,1e+06,0.65,0.10159,0.13789,0.82959
1,1,0,0,1,0,0,0,1,1,10,500,1e+06,0.65,0.11791,0.13716,0.91504
1,1,0,0,1,0,0,1,0,0,10,500,1e+06,0.65,0.10232,0.13858,0.83325
1,1,0,0,1,0,0,1,0,1,10,500,1e+06,0.65,0.12151,0.17042,0.81641
1,1,0,0,1,0,0,1,1,0,10,500,1e+06,0.65,0.1219,0.17036,0.81812
1,1,0,0,1,0,0,1,1,1,10,500,1e+06,0.65,0.13698,0.16965,0.88184
1,1,0,0,1,0,1,0,0,0,10,500,1e+06,0.65,0.1019,0.13823,0.83203
1,1,0,0,1,0,1,0,0,1,10,500,1e+06,0.65,0.12144,0.17032,0.81641
1,1,0,0,1,0,1,0,1,0,10,500,1e+06,0.65,0.12397,0.17033,0.82812
1,1,0,0,1,0,1,0,1,1,10,500,1e+06,0.65,0.13963,0.16964,0.89233
1,1,0,0,1,0,1,1,0,0,10,500,1e+06,0.65,0.12202,0.13727,0.93555
1,1,0,0,1,0,1,1,0,1,10,500,1e+06,0.65,0.13995,0.16864,0.89795
1,1,0,0,1,0,1,1,1,0,10,500,1e+06,0.65,0.13998,0.16836,0.89844
1,1,0,0,1,0,1,1,1,1,10,500,1e+06,0.65,0.15542,0.1698,0.95068
1,1,0,0,1,1,0,0,0,0,10,500,1e+06,0.65,0.099343,0.098836,1.0029
1,1,0,0,1,1,0,0,0,1,10,500,1e+06,0.65,0.11912,0.13728,0.92188
1,1,0,0,1,1,0,0,1,0,10,500,1e+06,0.65,0.1221,0.13728,0.93542
1,1,0,0,1,1,0,0,1,1,10,500,1e+06,0.65,0.13825,0.138,1.0015
1,1,0,0,1,1,0,1,0,0,10,500,1e+06,0.65,0.12158,0.13685,0.93262
1,1,0,0,1,1,0,1,0,1,10,500,1e+06,0.65,0.14059,0.16911,0.89966
1,1,0,0,1,1,0,1,1,0,10,500,1e+06,0.65,0.14083,0.16844,0.90091
1,1,0,0,1,1,0,1,1,1,10,500,1e+06,0.65,0.15612,0.16962,0.95605
1,1,0,0,1,1,1,0,0,0,10,500,1e+06,0.65,0.119,0.13697,0.92188
1,1,0,0,1,1,1,0,0,1,10,500,1e+06,0.65,0.13823,0.16907,0.88965
1,1,0,0,1,1,1,0,1,0,10,500,1e+06,0.65,0.14037,0.16902,0.89941
1,1,0,0,1,1,1,0,1,1,10,500,1e+06,0.65,0.15661,0.16936,0.95752
1,1,0,0,1,1,1,1,0,0,10,500,1e+06,0.65,0.13822,0.13819,1
1,1,0,0,1,1,1,1,0,1,10,500,1e+06,0.65,0.15607,0.1691,0.95631
1,1,0,0,1,1,1,1,1,0,10,500,1e+06,0.65,0.1556,0.16888,0.95264
1,1,0,0,1,1,1,1,1,1,10,500,1e+06,0.65,0.17098,0.17099,1
1,1,0,1,0,0,0,0,0,0,10,500,1e+06,0.65,0.076425,0.094013,0.88379
1,1,0,1,0,0,0,0,0,1,10,500,1e+06,0.65,0.097261,0.13339,0.82422
1,1,0,1,0,0,0,0,1,0,10,500,1e+06,0.65,0.10059,0.13373,0.84375
1,1,0,1,0,0,0,0,1,1,10,500,1e+06,0.65,0.117,0.13282,0.93066
1,1,0,1,0,0,0,1,0,0,10,500,1e+06,0.65,0.10156,0.13836,0.83008
1,1,0,1,0,0,0,1,0,1,10,500,1e+06,0.65,0.1201,0.17063,0.80859
1,1,0,1,0,0,0,1,1,0,10,500,1e+06,0.65,0.12074,0.17013,0.81262
1,1,0,1,0,0,0,1,1,1,10,500,1e+06,0.65,0.13636,0.16965,0.87964
1,1,0,1,0,0,1,0,0,0,10,500,1e+06,0.65,0.10167,0.13842,0.83105
1,1,0,1,0,0,1,0,0,1,10,500,1e+06,0.65,0.12106,0.17049,0.81323
1,1,0,1,0,0,1,0,1,0,10,500,1e+06,0.65,0.12373,0.17028,0.82422
1,1,0,1,0,0,1,0,1,1,10,500,1e+06,0.65,0.1393,0.16969,0.89062
1,1,0,1,0,0,1,1,0,0,10,500,1e+06,0.65,0.12194,0.13755,0.93555
1,1,0,1,0,0,1,1,0,1,10,500,1e+06,0.65,0.14049,0.16858,0.8999
1,1,0,1,0,0,1,1,1,0,10,500,1e+06,0.65,0.14001,0.16816,0.89844
1,1,0,1,0,0,1,1,1,1,10,500,1e+06,0.65,0.15581,0.16985,0.95312
1,1,0,1,0,1,0,0,0,0,10,500,1e+06,0.65,0.10068,0.13344,0.84554
1,1,0,1,0,1,0,0,0,1,10,500,1e+06,0.65,0.12066,0.17,0.81226
1,1,0,1,0,1,0,0,1,0,10,500,1e+06,0.65,0.12366,0.17018,0.82422
1,1,0,1,0,1,0,0,1,1,10,500,1e+06,0.65,0.13958,0.17003,0.89307
1,1,0,1,0,1,0,1,0,0,10,500,1e+06,0.65,0.12368,0.17044,0.82593
1,1,0,1,0,1,0,1,0,1,10,500,1e+06,0.65,0.14216,0.2012,0.81348
1,1,0,1,0,1,0,1,1,0,10,500,1e+06,0.65,0.1424,0.20106,0.81447
1,1,0,1,0,1,0,1,1,1,10,500,1e+06,0.65,0.15794,0.20043,0.86914
1,1,0,1,0,1,1,0,0,0,10,500,1e+06,0.65,0.12135,0.17023,0.81592
1,1,0,1,0,1,1,0,0,1,10,500,1e+06,0.65,0.14042,0.20084,0.80566
1,1,0,1,0,1,1,0,1,0,10,500,1e+06,0.65,0.14275,0.20122,0.81445
1,1,0,1,0,1,1,0,1,1,10,500,1e+06,0.65,0.15872,0.20081,0.87195
1,1,0,1,0,1,1,1,0,0,10,500,1e+06,0.65,0.14019,0.16894,0.89771
1,1,0,1,0,1,1,1,0,1,10,500,1e+06,0.65,0.15823,0.19936,0.87402
1,1,0,1,0,1,1,1,1,0,10,500,1e+06,0.65,0.15822,0.19931,0.87402
1,1,0,1,0,1,1,1,1,1,10,500,1e+06,0.65,0.17343,0.20047,0.91992
1,1,0,1,1,0,0,0,0,0,10,500,1e+06,0.65,0.09741,0.13344,0.82616
1,1,0,1,1,0,0,0,0,1,10,500,1e+06,0.65,0.11775,0.1706,0.79834
1,1,0,1,1,0,0,0,1,0,10,500,1e+06,0.65,0.12072,0.17015,0.81226
1,1,0,1,1,0,0,0,1,1,10,500,1e+06,0.65,0.13678,0.16991,0.88177
1,1,0,1,1,0,0,1,0,0,10,500,1e+06,0.65,0.1219,0.17023,0.81836
1,1,0,1,1,0,0,1,0,1,10,500,1e+06,0.65,0.14007,0.20055,0.80566
1,1,0,1,1,0,0,1,1,0,10,500,1e+06,0.65,0.14011,0.20123,0.80566
1,1,0,1,1,0,0,1,1,1,10,500,1e+06,0.65,0.1557,0.20056,0.86133
1,1,0,1,1,0,1,0,0,0,10,500,1e+06,0.65,0.12057,0.17019,0.81299
1,1,0,1,1,0,1,0,0,1,10,500,1e+06,0.65,0.13981,0.20114,0.80408
1,1,0,1,1,0,1,0,1,0,10,500,1e+06,0.65,0.14246,0.20105,0.81335
1,1,0,1,1,0,1,0,1,1,10,500,1e+06,0.65,0.15832,0.20112,0.87135
1,1,0,1,1,0,1,1,0,0,10,500,1e+06,0.65,0.14059,0.169,0.89941
1,1,0,1,1,0,1,1,0,1,10,500,1e+06,0.65,0.15866,0.19891,0.87598
1,1,0,1,1,0,1,1,1,0,10,500,1e+06,0.65,0.15843,0.19969,0.875
1,1,0,1,1,0,1,1,1,1,10,500,1e+06,0.65,0.17385,0.20108,0.92188
1,1,0,1,1,1,0,0,0,0,10,500,1e+06,0.65,0.11767,0.13159,0.93848
1,1,0,1,1,1,0,0,0,1,10,500,1e+06,0.65,0.13682,0.16883,0.88672
1,1,0,1,1,1,0,0,1,0,10,500,1e+06,0.65,0.14008,0.16868,0.89746
1,1,0,1,1,1,0,0,1,1,10,500,1e+06,0.65,0.15567,0.16881,0.95441
1,1,0,1,1,1,0,1,0,0,10,500,1e+06,0.65,0.13994,0.16843,0.8979
1,1,0,1,1,1,0,1,0,1,10,500,1e+06,0.65,0.15816,0.19929,0.87354
1,1,0,1,1,1,0,1,1,0,10,500,1e+06,0.65,0.15916,0.19925,0.87744
1,1,0,1,1,1,0,1,1,1,10,500,1e+06,0.65,0.17386,0.19993,0.92432
1,1,0,1,1,1,1,0,0,0,10,500,1e+06,0.65,0.13687,0.16818,0.8855
1,1,0,1,1,1,1,0,0,1,10,500,1e+06,0.65,0.15617,0.19928,0.86725
1,1,0,1,1,1,1,0,1,0,10,500,1e+06,0.65,0.15787,0.19938,0.87317
1,1,0,1,1,1,1,0,1,1,10,500,1e+06,0.65,0.17399,0.19984,0.92493
1,1,0,1,1,1,1,1,0,0,10,500,1e+06,0.65,0.15589,0.16917,0.95476
1,1,0,1,1,1,1,1,0,1,10,500,1e+06,0.65,0.17415,0.19996,0.92381
1,1,0,1,1,1,1,1,1,0,10,500,1e+06,0.65,0.17416,0.1997,0.92542
1,1,0,1,1,1,1,1,1,1,10,500,1e+06,0.65,0.1892,0.20165,0.96484
1,1,1,0,0,0,0,0,0,0,10,500,1e+06,0.65,0.072781,0.094229,0.85645
1,1,1,0,0,0,0,0,0,1,10,500,1e+06,0.65,0.09327,0.13353,0.80273
1,1,1,0,0,0,0,0,1,0,10,500,1e+06,0.65,0.097056,0.13362,0.82422
1,1,1,0,0,0,0,0,1,1,10,500,1e+06,0.65,0.1135,0.13282,0.91406
1,1,1,0,0,0,0,1,0,0,10,500,1e+06,0.65,0.098186,0.13809,0.81018
1,1,1,0,0,0,0,1,0,1,10,500,1e+06,0.65,0.11673,0.17026,0.7948
1,1,1,0,0,0,0,1,1,0,10,500,1e+06,0.65,0.1175,0.17026,0.79736
1,1,1,0,0,0,0,1,1,1,10,500,1e+06,0.65,0.13304,0.16996,0.86719
1,1,1,0,0,0,1,0,0,0,10,500,1e+06,0.65,0.098428,0.13786,0.8125
1,1,1,0,0,0,1,0,0,1,10,500,1e+06,0.65,0.11807,0.17027,0.7998
1,1,1,0,0,0,1,0,1,0,10,500,1e+06,0.65,0.12071,0.1703,0.81201
1,1,1,0,0,0,1,0,1,1,10,500,1e+06,0.65,0.13684,0.16976,0.88135
1,1,1,0,0,0,1,1,0,0,10,500,1e+06,0.65,0.11831,0.1373,0.91797
1,1,1,0,0,0,1,1,0,1,10,500,1e+06,0.65,0.13728,0.16837,0.88794
1,1,1,0,0,0,1,1,1,0,10,500,1e+06,0.65,0.13696,0.16842,0.88672
1,1,1,0,0,0,1,1,1,1,10,500,1e+06,0.65,0.15235,0.16935,0.93945
1,1,1,0,0,1,0,0,0,0,10,500,1e+06,0.65,0.09849,0.13311,0.83398
1,1,1,0,0,1,0,0,0,1,10,500,1e+06,0.65,0.11796,0.1702,0.7998
1,1,1,0,0,1,0,0,1,0,10,500,1e+06,0.65,0.12086,0.17025,0.8125
1,1,1,0,0,1,0,0,1,1,10,500,1e+06,0.65,0.13699,0.16981,0.88281
1,1,1,0,0,1,0,1,0,0,10,500,1e+06,0.65,0.12163,0.16984,0.81738
1,1,1,0,0,1,0,1,0,1,10,500,1e+06,0.65,0.13983,0.20091,0.80273
1,1,1,0,0,1,0,1,1,0,10,500,1e+06,0.65,0.14008,0.20149,0.80444
1,1,1,0,0,1,0,1,1,1,10,500,1e+06,0.65,0.15525,0.20099,0.86035
1,1,1,0,0,1,1,0,0,0,10,500,1e+06,0.65,0.11874,0.17052,0.80469
1,1,1,0,0,1,1,0,0,1,10,500,1e+06,0.65,0.13779,0.20091,0.79688
1,1,1,0,0,1,1,0,1,0,10,500,1e+06,0.65,0.14021,0.2012,0.80615
1,1,1,0,0,1,1,0,1,1,10,500,1e+06,0.65,0.1559,0.20067,0.8623
1,1,1,0,0,1,1,1,0,0,10,500,1e+06,0.65,0.138,0.16871,0.88916
1,1,1,0,0,1,1,1,0,1,10,500,1e+06,0.65,0.15544,0.19944,0.86426
1,1,1,0,0,1,1,1,1,0,10,500,1e+06,0.65,0.15615,0.19968,0.86728
1,1,1,0,0,1,1,1,1,1,10,500,1e+06,0.65,0.17173,0.20122,0.91458
1,1,1,0,1,0,0,0,0,0,10,500,1e+06,0.65,0.097027,0.13279,0.8252
1,1,1,0,1,0,0,0,0,1,10,500,1e+06,0.65,0.11699,0.17018,0.7959
1,1,1,0,1,0,0,0,1,0,10,500,1e+06,0.65,0.12047,0.17006,0.81055
1,1,1,0,1,0,0,0,1,1,10,500,1e+06,0.65,0.13663,0.16969,0.88135
1,1,1,0,1,0,0,1,0,0,10,500,1e+06,0.65,0.12126,0.17022,0.81641
1,1,1,0,1,0,0,1,0,1,10,500,1e+06,0.65,0.13924,0.20116,0.80243
1,1,1,0,1,0,0,1,1,0,10,500,1e+06,0.65,0.14035,0.20117,0.80591
1,1,1,0,1,0,0,1,1,1,10,500,1e+06,0.65,0.15533,0.20092,0.86035
1,1,1,0,1,0,1,0,0,0,10,500,1e+06,0.65,0.12072,0.17004,0.8125
1,1,1,0,1,0,1,0,0,1,10,500,1e+06,0.65,0.13975,0.20096,0.8042
1,1,1,0,1,0,1,0,1,0,10,500,1e+06,0.65,0.14214,0.20113,0.81348
1,1,1,0,1,0,1,0,1,1,10,500,1e+06,0.65,0.15775,0.20093,0.86865
1,1,1,0,1,0,1,1,0,0,10,500,1e+06,0.65,0.14025,0.16869,0.89807
1,1,1,0,1,0,1,1,0,1,10,500,1e+06,0.65,0.15838,0.19967,0.875
1,1,1,0,1,0,1,1,1,0,10,500,1e+06,0.65,0.15842,0.19954,0.87451
1,1,1,0,1,0,1,1,1,1,10,500,1e+06,0.65,0.17335,0.20048,0.92017
1,1,1,0,1,1,0,0,0,0,10,500,1e+06,0.65,0.11777,0.13155,0.9375
1,1,1,0,1,1,0,0,0,1,10,500,1e+06,0.65,0.13711,0.16879,0.88672
1,1,1,0,1,1,0,0,1,0,10,500,1e+06,0.65,0.14016,0.16841,0.89868
1,1,1,0,1,1,0,0,1,1,10,500,1e+06,0.65,0.15595,0.16922,0.95508
1,1,1,0,1,1,0,1,0,0,10,500,1e+06,0.65,0.14001,0.16806,0.89941
1,1,1,0,1,1,0,1,0,1,10,500,1e+06,0.65,0.15808,0.19918,0.87297
1,1,1,0,1,1,0,1,1,0,10,500,1e+06,0.65,0.15873,0.19901,0.875
1,1,1,0,1,1,0,1,1,1,10,500,1e+06,0.65,0.17373,0.19994,0.92285
1,1,1,0,1,1,1,0,0,0,10,500,1e+06,0.65,0.13738,0.16798,0.88671
1,1,1,0,1,1,1,0,0,1,10,500,1e+06,0.65,0.15635,0.19927,0.86768
1,1,1,0,1,1,1,0,1,0,10,500,1e+06,0.65,0.15818,0.19989,0.87305
1,1,1,0,1,1,1,0,1,1,10,500,1e+06,0.65,0.17361,0.19999,0.92578
1,1,1,0,1,1,1,1,0,0,10,500,1e+06,0.65,0.15595,0.16886,0.95508
1,1,1,0,1,1,1,1,0,1,10,500,1e+06,0.65,0.17407,0.19953,0.9248
1,1,1,0,1,1,1,1,1,0,10,500,1e+06,0.65,0.17391,0.20005,0.92383
1,1,1,0,1,1,1,1,1,1,10,500,1e+06,0.65,0.18862,0.20199,0.96484
1,1,1,1,0,0,0,0,0,0,10,500,1e+06,0.65,0.093175,0.093533,0.99878
1,1,1,1,0,0,0,0,0,1,10,500,1e+06,0.65,0.11349,0.13269,0.91309
1,1,1,1,0,0,0,0,1,0,10,500,1e+06,0.65,0.11706,0.13295,0.93018
1,1,1,1,0,0,0,0,1,1,10,500,1e+06,0.65,0.13272,0.13314,0.99927
1,1,1,1,0,0,0,1,0,0,10,500,1e+06,0.65,0.11817,0.13735,0.91602
1,1,1,1,0,0,0,1,0,1,10,500,1e+06,0.65,0.13649,0.16975,0.88098
1,1,1,1,0,0,0,1,1,0,10,500,1e+06,0.65,0.1368,0.16932,0.88184
1,1,1,1,0,0,0,1,1,1,10,500,1e+06,0.65,0.15252,0.17005,0.93945
1,1,1,1,0,0,1,0,0,0,10,500,1e+06,0.65,0.11789,0.13731,0.91553
1,1,1,1,0,0,1,0,0,1,10,500,1e+06,0.65,0.13711,0.16943,0.88281
1,1,1,1,0,0,1,0,1,0,10,500,1e+06,0.65,0.13948,0.16974,0.89258
1,1,1,1,0,0,1,0,1,1,10,500,1e+06,0.65,0.1553,0.16976,0.95044
1,1,1,1,0,0,1,1,0,0,10,500,1e+06,0.65,0.13789,0.13774,1.0006
1,1,1,1,0,0,1,1,0,1,10,500,1e+06,0.65,0.15578,0.16887,0.95508
1,1,1,1,0,0,1,1,1,0,10,500,1e+06,0.65,0.15632,0.16911,0.95654
1,1,1,1,0,0,1,1,1,1,10,500,1e+06,0.65,0.17113,0.17129,0.99988
1,1,1,1,0,1,0,0,0,0,10,500,1e+06,0.65,0.1167,0.13284,0.92972
1,1,1,1,0,1,0,0,0,1,10,500,1e+06,0.65,0.13679,0.1697,0.88197
1,1,1,1,0,1,0,0,1,0,10,500,1e+06,0.65,0.13969,0.16954,0.89258
1,1,1,1,0,1,0,0,1,1,10,500,1e+06,0.65,0.15536,0.16993,0.95068
1,1,1,1,0,1,0,1,0,0,10,500,1e+06,0.65,0.1399,0.17006,0.89453
1,1,1,1,0,1,0,1,0,1,10,500,1e+06,0.65,0.15783,0.20058,0.86914
1,1,1,1,0,1,0,1,1,0,10,500,1e+06,0.65,0.15865,0.20021,0.87201
1,1,1,1,0,1,0,1,1,1,10,500,1e+06,0.65,0.17368,0.201,0.91992
1,1,1,1,0,1,1,0,0,0,10,500,1e+06,0.65,0.13721,0.16975,0.88379
1,1,1,1,0,1,1,0,0,1,10,500,1e+06,0.65,0.15584,0.20124,0.8623
1,1,1,1,0,1,1,0,1,0,10,500,1e+06,0.65,0.1582,0.20046,0.87109
1,1,1,1,0,1,1,0,1,1,10,500,1e+06,0.65,0.17405,0.20135,0.92139
1,1,1,1,0,1,1,1,0,0,10,500,1e+06,0.65,0.15615,0.16905,0.95605
1,1,1,1,0,1,1,1,0,1,10,500,1e+06,0.65,0.17391,0.19993,0.9237
1,1,1,1,0,1,1,1,1,0,10,500,1e+06,0.65,0.17428,0.19965,0.9248
1,1,1,1,0,1,1,1,1,1,10,500,1e+06,0.65,0.18931,0.20155,0.96582
1,1,1,1,1,0,0,0,0,0,10,500,1e+06,0.65,0.11327,0.1328,0.9126
1,1,1,1,1,0,0,0,0,1,10,500,1e+06,0.65,0.13291,0.16937,0.86523
1,1,1,1,1,0,0,0,1,0,10,500,1e+06,0.65,0.1363,0.16958,0.87891
1,1,1,1,1,0,0,0,1,1,10,500,1e+06,0.65,0.15221,0.16979,0.94043
1,1,1,1,1,0,0,1,0,0,10,500,1e+06,0.65,0.13694,0.16925,0.88177
1,1,1,1,1,0,0,1,0,1,10,500,1e+06,0.65,0.15586,0.20102,0.86218
1,1,1,1,1,0,0,1,1,0,10,500,1e+06,0.65,0.15608,0.20043,0.86328
1,1,1,1,1,0,0,1,1,1,10,500,1e+06,0.65,0.17103,0.20071,0.91211
1,1,1,1,1,0,1,0,0,0,10,500,1e+06,0.65,0.13639,0.16967,0.88007
1,1,1,1,1,0,1,0,0,1,10,500,1e+06,0.65,0.15519,0.20054,0.85938
1,1,1,1,1,0,1,0,1,0,10,500,1e+06,0.65,0.15813,0.2004,0.87109
1,1,1,1,1,0,1,0,1,1,10,500,1e+06,0.65,0.17319,0.20114,0.91992
1,1,1,1,1,0,1,1,0,0,10,500,1e+06,0.65,0.15626,0.16897,0.95508
1,1,1,1,1,0,1,1,0,1,10,500,1e+06,0.65,0.17407,0.19974,0.92578
1,1,1,1,1,0,1,1,1,0,10,500,1e+06,0.65,0.17405,0.20007,0.92578
1,1,1,1,1,0,1,1,1,1,10,500,1e+06,0.65,0.18854,0.20223,0.96338
1,1,1,1,1,1,0,0,0,0,10,500,1e+06,0.65,0.13341,0.13281,1.001
1,1,1,1,1,1,0,0,0,1,10,500,1e+06,0.65,0.15236,0.16985,0.93945
1,1,1,1,1,1,0,0,1,0,10,500,1e+06,0.65,0.15515,0.16979,0.94922
1,1,1,1,1,1,0,0,1,1,10,500,1e+06,0.65,0.17132,0.17143,0.99999
1,1,1,1,1,1,0,1,0,0,10,500,1e+06,0.65,0.1559,0.16944,0.95312
1,1,1,1,1,1,0,1,0,1,10,500,1e+06,0.65,0.17361,0.20063,0.92017
1,1,1,1,1,1,0,1,1,0,10,500,1e+06,0.65,0.17439,0.20135,0.92188
1,1,1,1,1,1,0,1,1,1,10,500,1e+06,0.65,0.18917,0.20162,0.96484
1,1,1,1,1,1,1,0,0,0,10,500,1e+06,0.65,0.1528,0.16989,0.9414
1,1,1,1,1,1,1,0,0,1,10,500,1e+06,0.65,0.17137,0.20133,0.91272
1,1,1,1,1,1,1,0,1,0,10,500,1e+06,0.65,0.17327,0.20083,0.91895
1,1,1,1,1,1,1,0,1,1,10,500,1e+06,0.65,0.1888,0.20168,0.96387
1,1,1,1,1,1,1,1,0,0,10,500,1e+06,0.65,0.17101,0.17115,0.99941
1,1,1,1,1,1,1,1,0,1,10,500,1e+06,0.65,0.18908,0.20182,0.96387
1,1,1,1,1,1,1,1,1,0,10,500,1e+06,0.65,0.18898,0.20217,0.96414
1,1,1,1,1,1,1,1,1,1,10,500,1e+06,0.65,0.20418,0.20427,1
