0.00E+00,0.00E+00,0.00E+00,0.00E+00,0.00E+00,0.00E+00,0.00E+00,0.00E+00,1.00E+02,5.00E+02,1.00E+06,9.50E-01,0.00E+00,0.00E+00,1.00E+00,0.00E+00
0.00E+00,0.00E+00,0.00E+00,0.00E+00,0.00E+00,0.00E+00,0.00E+00,1.00E+00,1.00E+02,5.00E+02,1.00E+06,9.50E-01,7.46E-02,2.96E-01,1.00E+00,1.88E+01
0.00E+00,0.00E+00,0.00E+00,0.00E+00,0.00E+00,0.00E+00,1.00E+00,0.00E+00,1.00E+02,5.00E+02,1.00E+06,9.50E-01,7.46E-02,2.96E-01,1.00E+00,1.88E+01
0.00E+00,0.00E+00,0.00E+00,0.00E+00,0.00E+00,0.00E+00,1.00E+00,1.00E+00,1.00E+02,5.00E+02,1.00E+06,9.50E-01,1.46E-01,2.92E-01,1.00E+00,2.50E+01
0.00E+00,0.00E+00,0.00E+00,0.00E+00,0.00E+00,1.00E+00,0.00E+00,0.00E+00,1.00E+02,5.00E+02,1.00E+06,9.50E-01,7.40E-02,2.96E-01,1.00E+00,1.88E+01
0.00E+00,0.00E+00,0.00E+00,0.00E+00,0.00E+00,1.00E+00,0.00E+00,1.00E+00,1.00E+02,5.00E+02,1.00E+06,9.50E-01,1.49E-01,2.91E-01,1.00E+00,2.50E+01
0.00E+00,0.00E+00,0.00E+00,0.00E+00,0.00E+00,1.00E+00,1.00E+00,0.00E+00,1.00E+02,5.00E+02,1.00E+06,9.50E-01,1.46E-01,2.91E-01,1.00E+00,2.50E+01
0.00E+00,0.00E+00,0.00E+00,0.00E+00,0.00E+00,1.00E+00,1.00E+00,1.00E+00,1.00E+02,5.00E+02,1.00E+06,9.50E-01,2.17E-01,2.90E-01,1.00E+00,1.88E+01
0.00E+00,0.00E+00,0.00E+00,0.00E+00,1.00E+00,0.00E+00,0.00E+00,0.00E+00,1.00E+02,5.00E+02,1.00E+06,9.50E-01,7.42E-02,2.96E-01,1.00E+00,1.88E+01
0.00E+00,0.00E+00,0.00E+00,0.00E+00,1.00E+00,0.00E+00,0.00E+00,1.00E+00,1.00E+02,5.00E+02,1.00E+06,9.50E-01,1.50E-01,2.91E-01,1.00E+00,2.50E+01
0.00E+00,0.00E+00,0.00E+00,0.00E+00,1.00E+00,0.00E+00,1.00E+00,0.00E+00,1.00E+02,5.00E+02,1.00E+06,9.50E-01,1.49E-01,2.92E-01,1.00E+00,2.50E+01
0.00E+00,0.00E+00,0.00E+00,0.00E+00,1.00E+00,0.00E+00,1.00E+00,1.00E+00,1.00E+02,5.00E+02,1.00E+06,9.50E-01,2.21E-01,2.89E-01,1.00E+00,1.88E+01
0.00E+00,0.00E+00,0.00E+00,0.00E+00,1.00E+00,1.00E+00,0.00E+00,0.00E+00,1.00E+02,5.00E+02,1.00E+06,9.50E-01,1.46E-01,2.92E-01,1.00E+00,2.50E+01
0.00E+00,0.00E+00,0.00E+00,0.00E+00,1.00E+00,1.00E+00,0.00E+00,1.00E+00,1.00E+02,5.00E+02,1.00E+06,9.50E-01,2.21E-01,2.89E-01,1.00E+00,1.88E+01
0.00E+00,0.00E+00,0.00E+00,0.00E+00,1.00E+00,1.00E+00,1.00E+00,0.00E+00,1.00E+02,5.00E+02,1.00E+06,9.50E-01,2.17E-01,2.89E-01,1.00E+00,1.88E+01
0.00E+00,0.00E+00,0.00E+00,0.00E+00,1.00E+00,1.00E+00,1.00E+00,1.00E+00,1.00E+02,5.00E+02,1.00E+06,9.50E-01,2.88E-01,2.89E-01,1.00E+00,0.00E+00
0.00E+00,0.00E+00,0.00E+00,1.00E+00,0.00E+00,0.00E+00,0.00E+00,0.00E+00,1.00E+02,5.00E+02,1.00E+06,9.50E-01,7.46E-02,2.97E-01,1.00E+00,1.88E+01
0.00E+00,0.00E+00,0.00E+00,1.00E+00,0.00E+00,0.00E+00,0.00E+00,1.00E+00,1.00E+02,5.00E+02,1.00E+06,9.50E-01,1.49E-01,5.70E-01,1.00E+00,3.75E+01
0.00E+00,0.00E+00,0.00E+00,1.00E+00,0.00E+00,0.00E+00,1.00E+00,0.00E+00,1.00E+02,5.00E+02,1.00E+06,9.50E-01,1.50E-01,5.69E-01,1.00E+00,3.75E+01
0.00E+00,0.00E+00,0.00E+00,1.00E+00,0.00E+00,0.00E+00,1.00E+00,1.00E+00,1.00E+02,5.00E+02,1.00E+06,9.50E-01,2.21E-01,5.67E-01,1.00E+00,4.38E+01
0.00E+00,0.00E+00,0.00E+00,1.00E+00,0.00E+00,1.00E+00,0.00E+00,0.00E+00,1.00E+02,5.00E+02,1.00E+06,9.50E-01,1.50E-01,5.69E-01,1.00E+00,3.75E+01
0.00E+00,0.00E+00,0.00E+00,1.00E+00,0.00E+00,1.00E+00,0.00E+00,1.00E+00,1.00E+02,5.00E+02,1.00E+06,9.50E-01,2.23E-01,5.67E-01,1.00E+00,4.38E+01
0.00E+00,0.00E+00,0.00E+00,1.00E+00,0.00E+00,1.00E+00,1.00E+00,0.00E+00,1.00E+02,5.00E+02,1.00E+06,9.50E-01,2.20E-01,5.67E-01,1.00E+00,4.38E+01
0.00E+00,0.00E+00,0.00E+00,1.00E+00,0.00E+00,1.00E+00,1.00E+00,1.00E+00,1.00E+02,5.00E+02,1.00E+06,9.50E-01,2.91E-01,5.63E-01,1.00E+00,3.75E+01
0.00E+00,0.00E+00,0.00E+00,1.00E+00,1.00E+00,0.00E+00,0.00E+00,0.00E+00,1.00E+02,5.00E+02,1.00E+06,9.50E-01,1.46E-01,5.70E-01,1.00E+00,3.75E+01
0.00E+00,0.00E+00,0.00E+00,1.00E+00,1.00E+00,0.00E+00,0.00E+00,1.00E+00,1.00E+02,5.00E+02,1.00E+06,9.50E-01,2.21E-01,5.67E-01,1.00E+00,4.38E+01
0.00E+00,0.00E+00,0.00E+00,1.00E+00,1.00E+00,0.00E+00,1.00E+00,0.00E+00,1.00E+02,5.00E+02,1.00E+06,9.50E-01,2.20E-01,5.66E-01,1.00E+00,4.38E+01
0.00E+00,0.00E+00,0.00E+00,1.00E+00,1.00E+00,0.00E+00,1.00E+00,1.00E+00,1.00E+02,5.00E+02,1.00E+06,9.50E-01,2.92E-01,5.63E-01,1.00E+00,3.75E+01
0.00E+00,0.00E+00,0.00E+00,1.00E+00,1.00E+00,1.00E+00,0.00E+00,0.00E+00,1.00E+02,5.00E+02,1.00E+06,9.50E-01,2.17E-01,5.67E-01,1.00E+00,4.38E+01
0.00E+00,0.00E+00,0.00E+00,1.00E+00,1.00E+00,1.00E+00,0.00E+00,1.00E+00,1.00E+02,5.00E+02,1.00E+06,9.50E-01,2.91E-01,5.64E-01,1.00E+00,3.75E+01
0.00E+00,0.00E+00,0.00E+00,1.00E+00,1.00E+00,1.00E+00,1.00E+00,0.00E+00,1.00E+02,5.00E+02,1.00E+06,9.50E-01,2.89E-01,5.63E-01,1.00E+00,3.75E+01
0.00E+00,0.00E+00,0.00E+00,1.00E+00,1.00E+00,1.00E+00,1.00E+00,1.00E+00,1.00E+02,5.00E+02,1.00E+06,9.50E-01,3.60E-01,5.61E-01,1.00E+00,1.88E+01
0.00E+00,0.00E+00,1.00E+00,0.00E+00,0.00E+00,0.00E+00,0.00E+00,0.00E+00,1.00E+02,5.00E+02,1.00E+06,9.50E-01,7.42E-02,2.97E-01,1.00E+00,1.88E+01
0.00E+00,0.00E+00,1.00E+00,0.00E+00,0.00E+00,0.00E+00,0.00E+00,1.00E+00,1.00E+02,5.00E+02,1.00E+06,9.50E-01,1.49E-01,5.70E-01,1.00E+00,3.75E+01
0.00E+00,0.00E+00,1.00E+00,0.00E+00,0.00E+00,0.00E+00,1.00E+00,0.00E+00,1.00E+02,5.00E+02,1.00E+06,9.50E-01,1.49E-01,5.70E-01,1.00E+00,3.75E+01
0.00E+00,0.00E+00,1.00E+00,0.00E+00,0.00E+00,0.00E+00,1.00E+00,1.00E+00,1.00E+02,5.00E+02,1.00E+06,9.50E-01,2.21E-01,5.67E-01,1.00E+00,4.38E+01
0.00E+00,0.00E+00,1.00E+00,0.00E+00,0.00E+00,1.00E+00,0.00E+00,0.00E+00,1.00E+02,5.00E+02,1.00E+06,9.50E-01,1.49E-01,5.70E-01,1.00E+00,3.75E+01
0.00E+00,0.00E+00,1.00E+00,0.00E+00,0.00E+00,1.00E+00,0.00E+00,1.00E+00,1.00E+02,5.00E+02,1.00E+06,9.50E-01,2.24E-01,5.66E-01,1.00E+00,4.38E+01
0.00E+00,0.00E+00,1.00E+00,0.00E+00,0.00E+00,1.00E+00,1.00E+00,0.00E+00,1.00E+02,5.00E+02,1.00E+06,9.50E-01,2.21E-01,5.66E-01,1.00E+00,4.38E+01
0.00E+00,0.00E+00,1.00E+00,0.00E+00,0.00E+00,1.00E+00,1.00E+00,1.00E+00,1.00E+02,5.00E+02,1.00E+06,9.50E-01,2.92E-01,5.63E-01,1.00E+00,3.75E+01
0.00E+00,0.00E+00,1.00E+00,0.00E+00,1.00E+00,0.00E+00,0.00E+00,0.00E+00,1.00E+02,5.00E+02,1.00E+06,9.50E-01,1.49E-01,5.70E-01,1.00E+00,3.75E+01
0.00E+00,0.00E+00,1.00E+00,0.00E+00,1.00E+00,0.00E+00,0.00E+00,1.00E+00,1.00E+02,5.00E+02,1.00E+06,9.50E-01,2.24E-01,5.67E-01,1.00E+00,4.38E+01
0.00E+00,0.00E+00,1.00E+00,0.00E+00,1.00E+00,0.00E+00,1.00E+00,0.00E+00,1.00E+02,5.00E+02,1.00E+06,9.50E-01,2.24E-01,5.66E-01,1.00E+00,4.38E+01
0.00E+00,0.00E+00,1.00E+00,0.00E+00,1.00E+00,0.00E+00,1.00E+00,1.00E+00,1.00E+02,5.00E+02,1.00E+06,9.50E-01,2.95E-01,5.63E-01,1.00E+00,3.75E+01
0.00E+00,0.00E+00,1.00E+00,0.00E+00,1.00E+00,1.00E+00,0.00E+00,0.00E+00,1.00E+02,5.00E+02,1.00E+06,9.50E-01,2.21E-01,5.66E-01,1.00E+00,4.38E+01
0.00E+00,0.00E+00,1.00E+00,0.00E+00,1.00E+00,1.00E+00,0.00E+00,1.00E+00,1.00E+02,5.00E+02,1.00E+06,9.50E-01,2.95E-01,5.63E-01,1.00E+00,3.75E+01
0.00E+00,0.00E+00,1.00E+00,0.00E+00,1.00E+00,1.00E+00,1.00E+00,0.00E+00,1.00E+02,5.00E+02,1.00E+06,9.50E-01,2.92E-01,5.63E-01,1.00E+00,3.75E+01
0.00E+00,0.00E+00,1.00E+00,0.00E+00,1.00E+00,1.00E+00,1.00E+00,1.00E+00,1.00E+02,5.00E+02,1.00E+06,9.50E-01,3.63E-01,5.60E-01,1.00E+00,1.88E+01
0.00E+00,0.00E+00,1.00E+00,1.00E+00,0.00E+00,0.00E+00,0.00E+00,0.00E+00,1.00E+02,5.00E+02,1.00E+06,9.50E-01,1.46E-01,2.92E-01,1.00E+00,2.50E+01
0.00E+00,0.00E+00,1.00E+00,1.00E+00,0.00E+00,0.00E+00,0.00E+00,1.00E+00,1.00E+02,5.00E+02,1.00E+06,9.50E-01,2.21E-01,5.67E-01,1.00E+00,4.38E+01
0.00E+00,0.00E+00,1.00E+00,1.00E+00,0.00E+00,0.00E+00,1.00E+00,0.00E+00,1.00E+02,5.00E+02,1.00E+06,9.50E-01,2.21E-01,5.66E-01,1.00E+00,4.38E+01
0.00E+00,0.00E+00,1.00E+00,1.00E+00,0.00E+00,0.00E+00,1.00E+00,1.00E+00,1.00E+02,5.00E+02,1.00E+06,9.50E-01,2.92E-01,5.69E-01,1.00E+00,5.00E+01
0.00E+00,0.00E+00,1.00E+00,1.00E+00,0.00E+00,1.00E+00,0.00E+00,0.00E+00,1.00E+02,5.00E+02,1.00E+06,9.50E-01,2.21E-01,5.66E-01,1.00E+00,4.38E+01
0.00E+00,0.00E+00,1.00E+00,1.00E+00,0.00E+00,1.00E+00,0.00E+00,1.00E+00,1.00E+02,5.00E+02,1.00E+06,9.50E-01,2.94E-01,5.70E-01,1.00E+00,5.00E+01
0.00E+00,0.00E+00,1.00E+00,1.00E+00,0.00E+00,1.00E+00,1.00E+00,0.00E+00,1.00E+02,5.00E+02,1.00E+06,9.50E-01,2.91E-01,5.70E-01,1.00E+00,5.00E+01
0.00E+00,0.00E+00,1.00E+00,1.00E+00,0.00E+00,1.00E+00,1.00E+00,1.00E+00,1.00E+02,5.00E+02,1.00E+06,9.50E-01,3.63E-01,5.69E-01,1.00E+00,4.38E+01
0.00E+00,0.00E+00,1.00E+00,1.00E+00,1.00E+00,0.00E+00,0.00E+00,0.00E+00,1.00E+02,5.00E+02,1.00E+06,9.50E-01,2.17E-01,5.66E-01,1.00E+00,4.38E+01
0.00E+00,0.00E+00,1.00E+00,1.00E+00,1.00E+00,0.00E+00,0.00E+00,1.00E+00,1.00E+02,5.00E+02,1.00E+06,9.50E-01,2.92E-01,5.70E-01,1.00E+00,5.00E+01
0.00E+00,0.00E+00,1.00E+00,1.00E+00,1.00E+00,0.00E+00,1.00E+00,0.00E+00,1.00E+02,5.00E+02,1.00E+06,9.50E-01,2.92E-01,5.70E-01,1.00E+00,5.00E+01
0.00E+00,0.00E+00,1.00E+00,1.00E+00,1.00E+00,0.00E+00,1.00E+00,1.00E+00,1.00E+02,5.00E+02,1.00E+06,9.50E-01,3.63E-01,5.69E-01,1.00E+00,4.38E+01
0.00E+00,0.00E+00,1.00E+00,1.00E+00,1.00E+00,1.00E+00,0.00E+00,0.00E+00,1.00E+02,5.00E+02,1.00E+06,9.50E-01,2.88E-01,5.70E-01,1.00E+00,5.00E+01
0.00E+00,0.00E+00,1.00E+00,1.00E+00,1.00E+00,1.00E+00,0.00E+00,1.00E+00,1.00E+02,5.00E+02,1.00E+06,9.50E-01,3.63E-01,5.69E-01,1.00E+00,4.38E+01
0.00E+00,0.00E+00,1.00E+00,1.00E+00,1.00E+00,1.00E+00,1.00E+00,0.00E+00,1.00E+02,5.00E+02,1.00E+06,9.50E-01,3.60E-01,5.70E-01,1.00E+00,4.38E+01
0.00E+00,0.00E+00,1.00E+00,1.00E+00,1.00E+00,1.00E+00,1.00E+00,1.00E+00,1.00E+02,5.00E+02,1.00E+06,9.50E-01,4.31E-01,5.69E-01,1.00E+00,2.50E+01
0.00E+00,1.00E+00,0.00E+00,0.00E+00,0.00E+00,0.00E+00,0.00E+00,0.00E+00,1.00E+02,5.00E+02,1.00E+06,9.50E-01,7.47E-02,2.97E-01,1.00E+00,1.88E+01
0.00E+00,1.00E+00,0.00E+00,0.00E+00,0.00E+00,0.00E+00,0.00E+00,1.00E+00,1.00E+02,5.00E+02,1.00E+06,9.50E-01,1.50E-01,5.69E-01,1.00E+00,3.75E+01
0.00E+00,1.00E+00,0.00E+00,0.00E+00,0.00E+00,0.00E+00,1.00E+00,0.00E+00,1.00E+02,5.00E+02,1.00E+06,9.50E-01,1.50E-01,5.70E-01,1.00E+00,3.75E+01
0.00E+00,1.00E+00,0.00E+00,0.00E+00,0.00E+00,0.00E+00,1.00E+00,1.00E+00,1.00E+02,5.00E+02,1.00E+06,9.50E-01,2.21E-01,5.66E-01,1.00E+00,4.38E+01
0.00E+00,1.00E+00,0.00E+00,0.00E+00,0.00E+00,1.00E+00,0.00E+00,0.00E+00,1.00E+02,5.00E+02,1.00E+06,9.50E-01,1.50E-01,5.70E-01,1.00E+00,3.75E+01
0.00E+00,1.00E+00,0.00E+00,0.00E+00,0.00E+00,1.00E+00,0.00E+00,1.00E+00,1.00E+02,5.00E+02,1.00E+06,9.50E-01,2.24E-01,5.66E-01,1.00E+00,4.38E+01
0.00E+00,1.00E+00,0.00E+00,0.00E+00,0.00E+00,1.00E+00,1.00E+00,0.00E+00,1.00E+02,5.00E+02,1.00E+06,9.50E-01,2.21E-01,5.67E-01,1.00E+00,4.38E+01
0.00E+00,1.00E+00,0.00E+00,0.00E+00,0.00E+00,1.00E+00,1.00E+00,1.00E+00,1.00E+02,5.00E+02,1.00E+06,9.50E-01,2.91E-01,5.63E-01,1.00E+00,3.75E+01
0.00E+00,1.00E+00,0.00E+00,0.00E+00,1.00E+00,0.00E+00,0.00E+00,0.00E+00,1.00E+02,5.00E+02,1.00E+06,9.50E-01,1.50E-01,5.71E-01,1.00E+00,3.75E+01
0.00E+00,1.00E+00,0.00E+00,0.00E+00,1.00E+00,0.00E+00,0.00E+00,1.00E+00,1.00E+02,5.00E+02,1.00E+06,9.50E-01,2.24E-01,5.66E-01,1.00E+00,4.38E+01
0.00E+00,1.00E+00,0.00E+00,0.00E+00,1.00E+00,0.00E+00,1.00E+00,0.00E+00,1.00E+02,5.00E+02,1.00E+06,9.50E-01,2.24E-01,5.66E-01,1.00E+00,4.38E+01
0.00E+00,1.00E+00,0.00E+00,0.00E+00,1.00E+00,0.00E+00,1.00E+00,1.00E+00,1.00E+02,5.00E+02,1.00E+06,9.50E-01,2.94E-01,5.63E-01,1.00E+00,3.75E+01
0.00E+00,1.00E+00,0.00E+00,0.00E+00,1.00E+00,1.00E+00,0.00E+00,0.00E+00,1.00E+02,5.00E+02,1.00E+06,9.50E-01,2.21E-01,5.67E-01,1.00E+00,4.38E+01
0.00E+00,1.00E+00,0.00E+00,0.00E+00,1.00E+00,1.00E+00,0.00E+00,1.00E+00,1.00E+02,5.00E+02,1.00E+06,9.50E-01,2.95E-01,5.62E-01,1.00E+00,3.75E+01
0.00E+00,1.00E+00,0.00E+00,0.00E+00,1.00E+00,1.00E+00,1.00E+00,0.00E+00,1.00E+02,5.00E+02,1.00E+06,9.50E-01,2.92E-01,5.63E-01,1.00E+00,3.75E+01
0.00E+00,1.00E+00,0.00E+00,0.00E+00,1.00E+00,1.00E+00,1.00E+00,1.00E+00,1.00E+02,5.00E+02,1.00E+06,9.50E-01,3.63E-01,5.61E-01,1.00E+00,1.88E+01
0.00E+00,1.00E+00,0.00E+00,1.00E+00,0.00E+00,0.00E+00,0.00E+00,0.00E+00,1.00E+02,5.00E+02,1.00E+06,9.50E-01,1.49E-01,2.92E-01,1.00E+00,2.50E+01
0.00E+00,1.00E+00,0.00E+00,1.00E+00,0.00E+00,0.00E+00,0.00E+00,1.00E+00,1.00E+02,5.00E+02,1.00E+06,9.50E-01,2.24E-01,5.66E-01,1.00E+00,4.38E+01
0.00E+00,1.00E+00,0.00E+00,1.00E+00,0.00E+00,0.00E+00,1.00E+00,0.00E+00,1.00E+02,5.00E+02,1.00E+06,9.50E-01,2.24E-01,5.66E-01,1.00E+00,4.38E+01
0.00E+00,1.00E+00,0.00E+00,1.00E+00,0.00E+00,0.00E+00,1.00E+00,1.00E+00,1.00E+02,5.00E+02,1.00E+06,9.50E-01,2.95E-01,5.70E-01,1.00E+00,5.00E+01
0.00E+00,1.00E+00,0.00E+00,1.00E+00,0.00E+00,1.00E+00,0.00E+00,0.00E+00,1.00E+02,5.00E+02,1.00E+06,9.50E-01,2.23E-01,5.66E-01,1.00E+00,4.38E+01
0.00E+00,1.00E+00,0.00E+00,1.00E+00,0.00E+00,1.00E+00,0.00E+00,1.00E+00,1.00E+02,5.00E+02,1.00E+06,9.50E-01,2.98E-01,5.69E-01,1.00E+00,5.00E+01
0.00E+00,1.00E+00,0.00E+00,1.00E+00,0.00E+00,1.00E+00,1.00E+00,0.00E+00,1.00E+02,5.00E+02,1.00E+06,9.50E-01,2.95E-01,5.69E-01,1.00E+00,5.00E+01
0.00E+00,1.00E+00,0.00E+00,1.00E+00,0.00E+00,1.00E+00,1.00E+00,1.00E+00,1.00E+02,5.00E+02,1.00E+06,9.50E-01,3.66E-01,5.69E-01,1.00E+00,4.38E+01
0.00E+00,1.00E+00,0.00E+00,1.00E+00,1.00E+00,0.00E+00,0.00E+00,0.00E+00,1.00E+02,5.00E+02,1.00E+06,9.50E-01,2.20E-01,5.66E-01,1.00E+00,4.38E+01
0.00E+00,1.00E+00,0.00E+00,1.00E+00,1.00E+00,0.00E+00,0.00E+00,1.00E+00,1.00E+02,5.00E+02,1.00E+06,9.50E-01,2.95E-01,5.71E-01,1.00E+00,5.00E+01
0.00E+00,1.00E+00,0.00E+00,1.00E+00,1.00E+00,0.00E+00,1.00E+00,0.00E+00,1.00E+02,5.00E+02,1.00E+06,9.50E-01,2.95E-01,5.69E-01,1.00E+00,5.00E+01
0.00E+00,1.00E+00,0.00E+00,1.00E+00,1.00E+00,0.00E+00,1.00E+00,1.00E+00,1.00E+02,5.00E+02,1.00E+06,9.50E-01,3.65E-01,5.70E-01,1.00E+00,4.38E+01
0.00E+00,1.00E+00,0.00E+00,1.00E+00,1.00E+00,1.00E+00,0.00E+00,0.00E+00,1.00E+02,5.00E+02,1.00E+06,9.50E-01,2.92E-01,5.69E-01,1.00E+00,5.00E+01
0.00E+00,1.00E+00,0.00E+00,1.00E+00,1.00E+00,1.00E+00,0.00E+00,1.00E+00,1.00E+02,5.00E+02,1.00E+06,9.50E-01,3.66E-01,5.69E-01,1.00E+00,4.38E+01
0.00E+00,1.00E+00,0.00E+00,1.00E+00,1.00E+00,1.00E+00,1.00E+00,0.00E+00,1.00E+02,5.00E+02,1.00E+06,9.50E-01,3.63E-01,5.70E-01,1.00E+00,4.38E+01
0.00E+00,1.00E+00,0.00E+00,1.00E+00,1.00E+00,1.00E+00,1.00E+00,1.00E+00,1.00E+02,5.00E+02,1.00E+06,9.50E-01,4.34E-01,5.68E-01,1.00E+00,2.50E+01
0.00E+00,1.00E+00,1.00E+00,0.00E+00,0.00E+00,0.00E+00,0.00E+00,0.00E+00,1.00E+02,5.00E+02,1.00E+06,9.50E-01,1.46E-01,2.92E-01,1.00E+00,2.50E+01
0.00E+00,1.00E+00,1.00E+00,0.00E+00,0.00E+00,0.00E+00,0.00E+00,1.00E+00,1.00E+02,5.00E+02,1.00E+06,9.50E-01,2.21E-01,5.67E-01,1.00E+00,4.38E+01
0.00E+00,1.00E+00,1.00E+00,0.00E+00,0.00E+00,0.00E+00,1.00E+00,0.00E+00,1.00E+02,5.00E+02,1.00E+06,9.50E-01,2.21E-01,5.66E-01,1.00E+00,4.38E+01
0.00E+00,1.00E+00,1.00E+00,0.00E+00,0.00E+00,0.00E+00,1.00E+00,1.00E+00,1.00E+02,5.00E+02,1.00E+06,9.50E-01,2.92E-01,5.70E-01,1.00E+00,5.00E+01
0.00E+00,1.00E+00,1.00E+00,0.00E+00,0.00E+00,1.00E+00,0.00E+00,0.00E+00,1.00E+02,5.00E+02,1.00E+06,9.50E-01,2.21E-01,5.66E-01,1.00E+00,4.38E+01
0.00E+00,1.00E+00,1.00E+00,0.00E+00,0.00E+00,1.00E+00,0.00E+00,1.00E+00,1.00E+02,5.00E+02,1.00E+06,9.50E-01,2.95E-01,5.69E-01,1.00E+00,5.00E+01
0.00E+00,1.00E+00,1.00E+00,0.00E+00,0.00E+00,1.00E+00,1.00E+00,0.00E+00,1.00E+02,5.00E+02,1.00E+06,9.50E-01,2.91E-01,5.70E-01,1.00E+00,5.00E+01
0.00E+00,1.00E+00,1.00E+00,0.00E+00,0.00E+00,1.00E+00,1.00E+00,1.00E+00,1.00E+02,5.00E+02,1.00E+06,9.50E-01,3.64E-01,5.69E-01,1.00E+00,4.38E+01
0.00E+00,1.00E+00,1.00E+00,0.00E+00,1.00E+00,0.00E+00,0.00E+00,0.00E+00,1.00E+02,5.00E+02,1.00E+06,9.50E-01,2.20E-01,5.66E-01,1.00E+00,4.38E+01
0.00E+00,1.00E+00,1.00E+00,0.00E+00,1.00E+00,0.00E+00,0.00E+00,1.00E+00,1.00E+02,5.00E+02,1.00E+06,9.50E-01,2.95E-01,5.70E-01,1.00E+00,5.00E+01
0.00E+00,1.00E+00,1.00E+00,0.00E+00,1.00E+00,0.00E+00,1.00E+00,0.00E+00,1.00E+02,5.00E+02,1.00E+06,9.50E-01,2.95E-01,5.70E-01,1.00E+00,5.00E+01
0.00E+00,1.00E+00,1.00E+00,0.00E+00,1.00E+00,0.00E+00,1.00E+00,1.00E+00,1.00E+02,5.00E+02,1.00E+06,9.50E-01,3.66E-01,5.69E-01,1.00E+00,4.38E+01
0.00E+00,1.00E+00,1.00E+00,0.00E+00,1.00E+00,1.00E+00,0.00E+00,0.00E+00,1.00E+02,5.00E+02,1.00E+06,9.50E-01,2.92E-01,5.69E-01,1.00E+00,5.00E+01
0.00E+00,1.00E+00,1.00E+00,0.00E+00,1.00E+00,1.00E+00,0.00E+00,1.00E+00,1.00E+02,5.00E+02,1.00E+06,9.50E-01,3.65E-01,5.69E-01,1.00E+00,4.38E+01
0.00E+00,1.00E+00,1.00E+00,0.00E+00,1.00E+00,1.00E+00,1.00E+00,0.00E+00,1.00E+02,5.00E+02,1.00E+06,9.50E-01,3.63E-01,5.69E-01,1.00E+00,4.38E+01
0.00E+00,1.00E+00,1.00E+00,0.00E+00,1.00E+00,1.00E+00,1.00E+00,1.00E+00,1.00E+02,5.00E+02,1.00E+06,9.50E-01,4.34E-01,5.68E-01,1.00E+00,2.50E+01
0.00E+00,1.00E+00,1.00E+00,1.00E+00,0.00E+00,0.00E+00,0.00E+00,0.00E+00,1.00E+02,5.00E+02,1.00E+06,9.50E-01,2.17E-01,2.90E-01,1.00E+00,1.88E+01
0.00E+00,1.00E+00,1.00E+00,1.00E+00,0.00E+00,0.00E+00,0.00E+00,1.00E+00,1.00E+02,5.00E+02,1.00E+06,9.50E-01,2.91E-01,5.63E-01,1.00E+00,3.75E+01
0.00E+00,1.00E+00,1.00E+00,1.00E+00,0.00E+00,0.00E+00,1.00E+00,0.00E+00,1.00E+02,5.00E+02,1.00E+06,9.50E-01,2.92E-01,5.63E-01,1.00E+00,3.75E+01
0.00E+00,1.00E+00,1.00E+00,1.00E+00,0.00E+00,0.00E+00,1.00E+00,1.00E+00,1.00E+02,5.00E+02,1.00E+06,9.50E-01,3.62E-01,5.70E-01,1.00E+00,4.38E+01
0.00E+00,1.00E+00,1.00E+00,1.00E+00,0.00E+00,1.00E+00,0.00E+00,0.00E+00,1.00E+02,5.00E+02,1.00E+06,9.50E-01,2.92E-01,5.62E-01,1.00E+00,3.75E+01
0.00E+00,1.00E+00,1.00E+00,1.00E+00,0.00E+00,1.00E+00,0.00E+00,1.00E+00,1.00E+02,5.00E+02,1.00E+06,9.50E-01,3.66E-01,5.69E-01,1.00E+00,4.38E+01
0.00E+00,1.00E+00,1.00E+00,1.00E+00,0.00E+00,1.00E+00,1.00E+00,0.00E+00,1.00E+02,5.00E+02,1.00E+06,9.50E-01,3.64E-01,5.68E-01,1.00E+00,4.38E+01
0.00E+00,1.00E+00,1.00E+00,1.00E+00,0.00E+00,1.00E+00,1.00E+00,1.00E+00,1.00E+02,5.00E+02,1.00E+06,9.50E-01,4.33E-01,5.70E-01,1.00E+00,3.75E+01
0.00E+00,1.00E+00,1.00E+00,1.00E+00,1.00E+00,0.00E+00,0.00E+00,0.00E+00,1.00E+02,5.00E+02,1.00E+06,9.50E-01,2.89E-01,5.63E-01,1.00E+00,3.75E+01
0.00E+00,1.00E+00,1.00E+00,1.00E+00,1.00E+00,0.00E+00,0.00E+00,1.00E+00,1.00E+02,5.00E+02,1.00E+06,9.50E-01,3.63E-01,5.69E-01,1.00E+00,4.38E+01
0.00E+00,1.00E+00,1.00E+00,1.00E+00,1.00E+00,0.00E+00,1.00E+00,0.00E+00,1.00E+02,5.00E+02,1.00E+06,9.50E-01,3.63E-01,5.69E-01,1.00E+00,4.38E+01
0.00E+00,1.00E+00,1.00E+00,1.00E+00,1.00E+00,0.00E+00,1.00E+00,1.00E+00,1.00E+02,5.00E+02,1.00E+06,9.50E-01,4.34E-01,5.69E-01,1.00E+00,3.75E+01
0.00E+00,1.00E+00,1.00E+00,1.00E+00,1.00E+00,1.00E+00,0.00E+00,0.00E+00,1.00E+02,5.00E+02,1.00E+06,9.50E-01,3.60E-01,5.69E-01,1.00E+00,4.38E+01
0.00E+00,1.00E+00,1.00E+00,1.00E+00,1.00E+00,1.00E+00,0.00E+00,1.00E+00,1.00E+02,5.00E+02,1.00E+06,9.50E-01,4.33E-01,5.69E-01,1.00E+00,3.75E+01
0.00E+00,1.00E+00,1.00E+00,1.00E+00,1.00E+00,1.00E+00,1.00E+00,0.00E+00,1.00E+02,5.00E+02,1.00E+06,9.50E-01,4.31E-01,5.71E-01,1.00E+00,3.75E+01
0.00E+00,1.00E+00,1.00E+00,1.00E+00,1.00E+00,1.00E+00,1.00E+00,1.00E+00,1.00E+02,5.00E+02,1.00E+06,9.50E-01,5.02E-01,5.70E-01,1.00E+00,1.88E+01
1.00E+00,0.00E+00,0.00E+00,0.00E+00,0.00E+00,0.00E+00,0.00E+00,0.00E+00,1.00E+02,5.00E+02,1.00E+06,9.50E-01,7.37E-02,2.96E-01,1.00E+00,1.88E+01
1.00E+00,0.00E+00,0.00E+00,0.00E+00,0.00E+00,0.00E+00,0.00E+00,1.00E+00,1.00E+02,5.00E+02,1.00E+06,9.50E-01,1.46E-01,5.70E-01,1.00E+00,3.75E+01
1.00E+00,0.00E+00,0.00E+00,0.00E+00,0.00E+00,0.00E+00,1.00E+00,0.00E+00,1.00E+02,5.00E+02,1.00E+06,9.50E-01,1.49E-01,5.69E-01,1.00E+00,3.75E+01
1.00E+00,0.00E+00,0.00E+00,0.00E+00,0.00E+00,0.00E+00,1.00E+00,1.00E+00,1.00E+02,5.00E+02,1.00E+06,9.50E-01,2.17E-01,5.66E-01,1.00E+00,4.38E+01
1.00E+00,0.00E+00,0.00E+00,0.00E+00,0.00E+00,1.00E+00,0.00E+00,0.00E+00,1.00E+02,5.00E+02,1.00E+06,9.50E-01,1.50E-01,5.70E-01,1.00E+00,3.75E+01
1.00E+00,0.00E+00,0.00E+00,0.00E+00,0.00E+00,1.00E+00,0.00E+00,1.00E+00,1.00E+02,5.00E+02,1.00E+06,9.50E-01,2.20E-01,5.66E-01,1.00E+00,4.38E+01
1.00E+00,0.00E+00,0.00E+00,0.00E+00,0.00E+00,1.00E+00,1.00E+00,0.00E+00,1.00E+02,5.00E+02,1.00E+06,9.50E-01,2.20E-01,5.67E-01,1.00E+00,4.38E+01
1.00E+00,0.00E+00,0.00E+00,0.00E+00,0.00E+00,1.00E+00,1.00E+00,1.00E+00,1.00E+02,5.00E+02,1.00E+06,9.50E-01,2.88E-01,5.63E-01,1.00E+00,3.75E+01
1.00E+00,0.00E+00,0.00E+00,0.00E+00,1.00E+00,0.00E+00,0.00E+00,0.00E+00,1.00E+02,5.00E+02,1.00E+06,9.50E-01,1.50E-01,5.70E-01,1.00E+00,3.75E+01
1.00E+00,0.00E+00,0.00E+00,0.00E+00,1.00E+00,0.00E+00,0.00E+00,1.00E+00,1.00E+02,5.00E+02,1.00E+06,9.50E-01,2.21E-01,5.67E-01,1.00E+00,4.38E+01
1.00E+00,0.00E+00,0.00E+00,0.00E+00,1.00E+00,0.00E+00,1.00E+00,0.00E+00,1.00E+02,5.00E+02,1.00E+06,9.50E-01,2.24E-01,5.66E-01,1.00E+00,4.38E+01
1.00E+00,0.00E+00,0.00E+00,0.00E+00,1.00E+00,0.00E+00,1.00E+00,1.00E+00,1.00E+02,5.00E+02,1.00E+06,9.50E-01,2.92E-01,5.62E-01,1.00E+00,3.75E+01
1.00E+00,0.00E+00,0.00E+00,0.00E+00,1.00E+00,1.00E+00,0.00E+00,0.00E+00,1.00E+02,5.00E+02,1.00E+06,9.50E-01,2.21E-01,5.66E-01,1.00E+00,4.38E+01
1.00E+00,0.00E+00,0.00E+00,0.00E+00,1.00E+00,1.00E+00,0.00E+00,1.00E+00,1.00E+02,5.00E+02,1.00E+06,9.50E-01,2.92E-01,5.63E-01,1.00E+00,3.75E+01
1.00E+00,0.00E+00,0.00E+00,0.00E+00,1.00E+00,1.00E+00,1.00E+00,0.00E+00,1.00E+02,5.00E+02,1.00E+06,9.50E-01,2.91E-01,5.62E-01,1.00E+00,3.75E+01
1.00E+00,0.00E+00,0.00E+00,0.00E+00,1.00E+00,1.00E+00,1.00E+00,1.00E+00,1.00E+02,5.00E+02,1.00E+06,9.50E-01,3.60E-01,5.61E-01,1.00E+00,1.88E+01
1.00E+00,0.00E+00,0.00E+00,1.00E+00,0.00E+00,0.00E+00,0.00E+00,0.00E+00,1.00E+02,5.00E+02,1.00E+06,9.50E-01,1.50E-01,2.92E-01,1.00E+00,2.50E+01
1.00E+00,0.00E+00,0.00E+00,1.00E+00,0.00E+00,0.00E+00,0.00E+00,1.00E+00,1.00E+02,5.00E+02,1.00E+06,9.50E-01,2.21E-01,5.66E-01,1.00E+00,4.38E+01
1.00E+00,0.00E+00,0.00E+00,1.00E+00,0.00E+00,0.00E+00,1.00E+00,0.00E+00,1.00E+02,5.00E+02,1.00E+06,9.50E-01,2.24E-01,5.67E-01,1.00E+00,4.38E+01
1.00E+00,0.00E+00,0.00E+00,1.00E+00,0.00E+00,0.00E+00,1.00E+00,1.00E+00,1.00E+02,5.00E+02,1.00E+06,9.50E-01,2.92E-01,5.71E-01,1.00E+00,5.00E+01
1.00E+00,0.00E+00,0.00E+00,1.00E+00,0.00E+00,1.00E+00,0.00E+00,0.00E+00,1.00E+02,5.00E+02,1.00E+06,9.50E-01,2.23E-01,5.66E-01,1.00E+00,4.38E+01
1.00E+00,0.00E+00,0.00E+00,1.00E+00,0.00E+00,1.00E+00,0.00E+00,1.00E+00,1.00E+02,5.00E+02,1.00E+06,9.50E-01,2.95E-01,5.69E-01,1.00E+00,5.00E+01
1.00E+00,0.00E+00,0.00E+00,1.00E+00,0.00E+00,1.00E+00,1.00E+00,0.00E+00,1.00E+02,5.00E+02,1.00E+06,9.50E-01,2.95E-01,5.70E-01,1.00E+00,5.00E+01
1.00E+00,0.00E+00,0.00E+00,1.00E+00,0.00E+00,1.00E+00,1.00E+00,1.00E+00,1.00E+02,5.00E+02,1.00E+06,9.50E-01,3.63E-01,5.69E-01,1.00E+00,4.38E+01
1.00E+00,0.00E+00,0.00E+00,1.00E+00,1.00E+00,0.00E+00,0.00E+00,0.00E+00,1.00E+02,5.00E+02,1.00E+06,9.50E-01,2.21E-01,5.67E-01,1.00E+00,4.38E+01
1.00E+00,0.00E+00,0.00E+00,1.00E+00,1.00E+00,0.00E+00,0.00E+00,1.00E+00,1.00E+02,5.00E+02,1.00E+06,9.50E-01,2.92E-01,5.70E-01,1.00E+00,5.00E+01
1.00E+00,0.00E+00,0.00E+00,1.00E+00,1.00E+00,0.00E+00,1.00E+00,0.00E+00,1.00E+02,5.00E+02,1.00E+06,9.50E-01,2.95E-01,5.70E-01,1.00E+00,5.00E+01
1.00E+00,0.00E+00,0.00E+00,1.00E+00,1.00E+00,0.00E+00,1.00E+00,1.00E+00,1.00E+02,5.00E+02,1.00E+06,9.50E-01,3.63E-01,5.69E-01,1.00E+00,4.38E+01
1.00E+00,0.00E+00,0.00E+00,1.00E+00,1.00E+00,1.00E+00,0.00E+00,0.00E+00,1.00E+02,5.00E+02,1.00E+06,9.50E-01,2.92E-01,5.70E-01,1.00E+00,5.00E+01
1.00E+00,0.00E+00,0.00E+00,1.00E+00,1.00E+00,1.00E+00,0.00E+00,1.00E+00,1.00E+02,5.00E+02,1.00E+06,9.50E-01,3.63E-01,5.69E-01,1.00E+00,4.38E+01
1.00E+00,0.00E+00,0.00E+00,1.00E+00,1.00E+00,1.00E+00,1.00E+00,0.00E+00,1.00E+02,5.00E+02,1.00E+06,9.50E-01,3.63E-01,5.69E-01,1.00E+00,4.38E+01
1.00E+00,0.00E+00,0.00E+00,1.00E+00,1.00E+00,1.00E+00,1.00E+00,1.00E+00,1.00E+02,5.00E+02,1.00E+06,9.50E-01,4.31E-01,5.68E-01,1.00E+00,2.50E+01
1.00E+00,0.00E+00,1.00E+00,0.00E+00,0.00E+00,0.00E+00,0.00E+00,0.00E+00,1.00E+02,5.00E+02,1.00E+06,9.50E-01,1.49E-01,2.92E-01,1.00E+00,2.50E+01
1.00E+00,0.00E+00,1.00E+00,0.00E+00,0.00E+00,0.00E+00,0.00E+00,1.00E+00,1.00E+02,5.00E+02,1.00E+06,9.50E-01,2.20E-01,5.67E-01,1.00E+00,4.38E+01
1.00E+00,0.00E+00,1.00E+00,0.00E+00,0.00E+00,0.00E+00,1.00E+00,0.00E+00,1.00E+02,5.00E+02,1.00E+06,9.50E-01,2.24E-01,5.66E-01,1.00E+00,4.38E+01
1.00E+00,0.00E+00,1.00E+00,0.00E+00,0.00E+00,0.00E+00,1.00E+00,1.00E+00,1.00E+02,5.00E+02,1.00E+06,9.50E-01,2.92E-01,5.70E-01,1.00E+00,5.00E+01
1.00E+00,0.00E+00,1.00E+00,0.00E+00,0.00E+00,1.00E+00,0.00E+00,0.00E+00,1.00E+02,5.00E+02,1.00E+06,9.50E-01,2.24E-01,5.66E-01,1.00E+00,4.38E+01
1.00E+00,0.00E+00,1.00E+00,0.00E+00,0.00E+00,1.00E+00,0.00E+00,1.00E+00,1.00E+02,5.00E+02,1.00E+06,9.50E-01,2.95E-01,5.70E-01,1.00E+00,5.00E+01
1.00E+00,0.00E+00,1.00E+00,0.00E+00,0.00E+00,1.00E+00,1.00E+00,0.00E+00,1.00E+02,5.00E+02,1.00E+06,9.50E-01,2.95E-01,5.70E-01,1.00E+00,5.00E+01
1.00E+00,0.00E+00,1.00E+00,0.00E+00,0.00E+00,1.00E+00,1.00E+00,1.00E+00,1.00E+02,5.00E+02,1.00E+06,9.50E-01,3.63E-01,5.69E-01,1.00E+00,4.38E+01
1.00E+00,0.00E+00,1.00E+00,0.00E+00,1.00E+00,0.00E+00,0.00E+00,0.00E+00,1.00E+02,5.00E+02,1.00E+06,9.50E-01,2.24E-01,5.67E-01,1.00E+00,4.38E+01
1.00E+00,0.00E+00,1.00E+00,0.00E+00,1.00E+00,0.00E+00,0.00E+00,1.00E+00,1.00E+02,5.00E+02,1.00E+06,9.50E-01,2.94E-01,5.69E-01,1.00E+00,5.00E+01
1.00E+00,0.00E+00,1.00E+00,0.00E+00,1.00E+00,0.00E+00,1.00E+00,0.00E+00,1.00E+02,5.00E+02,1.00E+06,9.50E-01,2.98E-01,5.70E-01,1.00E+00,5.00E+01
1.00E+00,0.00E+00,1.00E+00,0.00E+00,1.00E+00,0.00E+00,1.00E+00,1.00E+00,1.00E+02,5.00E+02,1.00E+06,9.50E-01,3.65E-01,5.69E-01,1.00E+00,4.38E+01
1.00E+00,0.00E+00,1.00E+00,0.00E+00,1.00E+00,1.00E+00,0.00E+00,0.00E+00,1.00E+02,5.00E+02,1.00E+06,9.50E-01,2.94E-01,5.70E-01,1.00E+00,5.00E+01
1.00E+00,0.00E+00,1.00E+00,0.00E+00,1.00E+00,1.00E+00,0.00E+00,1.00E+00,1.00E+02,5.00E+02,1.00E+06,9.50E-01,3.66E-01,5.69E-01,1.00E+00,4.38E+01
1.00E+00,0.00E+00,1.00E+00,0.00E+00,1.00E+00,1.00E+00,1.00E+00,0.00E+00,1.00E+02,5.00E+02,1.00E+06,9.50E-01,3.66E-01,5.69E-01,1.00E+00,4.38E+01
1.00E+00,0.00E+00,1.00E+00,0.00E+00,1.00E+00,1.00E+00,1.00E+00,1.00E+00,1.00E+02,5.00E+02,1.00E+06,9.50E-01,4.34E-01,5.68E-01,1.00E+00,2.50E+01
1.00E+00,0.00E+00,1.00E+00,1.00E+00,0.00E+00,0.00E+00,0.00E+00,0.00E+00,1.00E+02,5.00E+02,1.00E+06,9.50E-01,2.20E-01,2.90E-01,1.00E+00,1.88E+01
1.00E+00,0.00E+00,1.00E+00,1.00E+00,0.00E+00,0.00E+00,0.00E+00,1.00E+00,1.00E+02,5.00E+02,1.00E+06,9.50E-01,2.92E-01,5.62E-01,1.00E+00,3.75E+01
1.00E+00,0.00E+00,1.00E+00,1.00E+00,0.00E+00,0.00E+00,1.00E+00,0.00E+00,1.00E+02,5.00E+02,1.00E+06,9.50E-01,2.94E-01,5.64E-01,1.00E+00,3.75E+01
1.00E+00,0.00E+00,1.00E+00,1.00E+00,0.00E+00,0.00E+00,1.00E+00,1.00E+00,1.00E+02,5.00E+02,1.00E+06,9.50E-01,3.63E-01,5.69E-01,1.00E+00,4.38E+01
1.00E+00,0.00E+00,1.00E+00,1.00E+00,0.00E+00,1.00E+00,0.00E+00,0.00E+00,1.00E+02,5.00E+02,1.00E+06,9.50E-01,2.95E-01,5.62E-01,1.00E+00,3.75E+01
1.00E+00,0.00E+00,1.00E+00,1.00E+00,0.00E+00,1.00E+00,0.00E+00,1.00E+00,1.00E+02,5.00E+02,1.00E+06,9.50E-01,3.65E-01,5.69E-01,1.00E+00,4.38E+01
1.00E+00,0.00E+00,1.00E+00,1.00E+00,0.00E+00,1.00E+00,1.00E+00,0.00E+00,1.00E+02,5.00E+02,1.00E+06,9.50E-01,3.66E-01,5.70E-01,1.00E+00,4.38E+01
1.00E+00,0.00E+00,1.00E+00,1.00E+00,0.00E+00,1.00E+00,1.00E+00,1.00E+00,1.00E+02,5.00E+02,1.00E+06,9.50E-01,4.34E-01,5.70E-01,1.00E+00,3.75E+01
1.00E+00,0.00E+00,1.00E+00,1.00E+00,1.00E+00,0.00E+00,0.00E+00,0.00E+00,1.00E+02,5.00E+02,1.00E+06,9.50E-01,2.92E-01,5.63E-01,1.00E+00,3.75E+01
1.00E+00,0.00E+00,1.00E+00,1.00E+00,1.00E+00,0.00E+00,0.00E+00,1.00E+00,1.00E+02,5.00E+02,1.00E+06,9.50E-01,3.63E-01,5.69E-01,1.00E+00,4.38E+01
1.00E+00,0.00E+00,1.00E+00,1.00E+00,1.00E+00,0.00E+00,1.00E+00,0.00E+00,1.00E+02,5.00E+02,1.00E+06,9.50E-01,3.65E-01,5.69E-01,1.00E+00,4.38E+01
1.00E+00,0.00E+00,1.00E+00,1.00E+00,1.00E+00,0.00E+00,1.00E+00,1.00E+00,1.00E+02,5.00E+02,1.00E+06,9.50E-01,4.34E-01,5.70E-01,1.00E+00,3.75E+01
1.00E+00,0.00E+00,1.00E+00,1.00E+00,1.00E+00,1.00E+00,0.00E+00,0.00E+00,1.00E+02,5.00E+02,1.00E+06,9.50E-01,3.63E-01,5.69E-01,1.00E+00,4.38E+01
1.00E+00,0.00E+00,1.00E+00,1.00E+00,1.00E+00,1.00E+00,0.00E+00,1.00E+00,1.00E+02,5.00E+02,1.00E+06,9.50E-01,4.34E-01,5.70E-01,1.00E+00,3.75E+01
1.00E+00,0.00E+00,1.00E+00,1.00E+00,1.00E+00,1.00E+00,1.00E+00,0.00E+00,1.00E+02,5.00E+02,1.00E+06,9.50E-01,4.34E-01,5.70E-01,1.00E+00,3.75E+01
1.00E+00,0.00E+00,1.00E+00,1.00E+00,1.00E+00,1.00E+00,1.00E+00,1.00E+00,1.00E+02,5.00E+02,1.00E+06,9.50E-01,5.01E-01,5.69E-01,1.00E+00,1.88E+01
1.00E+00,1.00E+00,0.00E+00,0.00E+00,0.00E+00,0.00E+00,0.00E+00,0.00E+00,1.00E+02,5.00E+02,1.00E+06,9.50E-01,1.46E-01,2.91E-01,1.00E+00,2.50E+01
1.00E+00,1.00E+00,0.00E+00,0.00E+00,0.00E+00,0.00E+00,0.00E+00,1.00E+00,1.00E+02,5.00E+02,1.00E+06,9.50E-01,2.17E-01,5.66E-01,1.00E+00,4.38E+01
1.00E+00,1.00E+00,0.00E+00,0.00E+00,0.00E+00,0.00E+00,1.00E+00,0.00E+00,1.00E+02,5.00E+02,1.00E+06,9.50E-01,2.21E-01,5.67E-01,1.00E+00,4.38E+01
1.00E+00,1.00E+00,0.00E+00,0.00E+00,0.00E+00,0.00E+00,1.00E+00,1.00E+00,1.00E+02,5.00E+02,1.00E+06,9.50E-01,2.89E-01,5.70E-01,1.00E+00,5.00E+01
1.00E+00,1.00E+00,0.00E+00,0.00E+00,0.00E+00,1.00E+00,0.00E+00,0.00E+00,1.00E+02,5.00E+02,1.00E+06,9.50E-01,2.21E-01,5.66E-01,1.00E+00,4.38E+01
1.00E+00,1.00E+00,0.00E+00,0.00E+00,0.00E+00,1.00E+00,0.00E+00,1.00E+00,1.00E+02,5.00E+02,1.00E+06,9.50E-01,2.92E-01,5.70E-01,1.00E+00,5.00E+01
1.00E+00,1.00E+00,0.00E+00,0.00E+00,0.00E+00,1.00E+00,1.00E+00,0.00E+00,1.00E+02,5.00E+02,1.00E+06,9.50E-01,2.92E-01,5.70E-01,1.00E+00,5.00E+01
1.00E+00,1.00E+00,0.00E+00,0.00E+00,0.00E+00,1.00E+00,1.00E+00,1.00E+00,1.00E+02,5.00E+02,1.00E+06,9.50E-01,3.60E-01,5.69E-01,1.00E+00,4.38E+01
1.00E+00,1.00E+00,0.00E+00,0.00E+00,1.00E+00,0.00E+00,0.00E+00,0.00E+00,1.00E+02,5.00E+02,1.00E+06,9.50E-01,2.21E-01,5.66E-01,1.00E+00,4.38E+01
1.00E+00,1.00E+00,0.00E+00,0.00E+00,1.00E+00,0.00E+00,0.00E+00,1.00E+00,1.00E+02,5.00E+02,1.00E+06,9.50E-01,2.92E-01,5.70E-01,1.00E+00,5.00E+01
1.00E+00,1.00E+00,0.00E+00,0.00E+00,1.00E+00,0.00E+00,1.00E+00,0.00E+00,1.00E+02,5.00E+02,1.00E+06,9.50E-01,2.94E-01,5.70E-01,1.00E+00,5.00E+01
1.00E+00,1.00E+00,0.00E+00,0.00E+00,1.00E+00,0.00E+00,1.00E+00,1.00E+00,1.00E+02,5.00E+02,1.00E+06,9.50E-01,3.63E-01,5.69E-01,1.00E+00,4.38E+01
1.00E+00,1.00E+00,0.00E+00,0.00E+00,1.00E+00,1.00E+00,0.00E+00,0.00E+00,1.00E+02,5.00E+02,1.00E+06,9.50E-01,2.92E-01,5.70E-01,1.00E+00,5.00E+01
1.00E+00,1.00E+00,0.00E+00,0.00E+00,1.00E+00,1.00E+00,0.00E+00,1.00E+00,1.00E+02,5.00E+02,1.00E+06,9.50E-01,3.64E-01,5.69E-01,1.00E+00,4.38E+01
1.00E+00,1.00E+00,0.00E+00,0.00E+00,1.00E+00,1.00E+00,1.00E+00,0.00E+00,1.00E+02,5.00E+02,1.00E+06,9.50E-01,3.63E-01,5.69E-01,1.00E+00,4.38E+01
1.00E+00,1.00E+00,0.00E+00,0.00E+00,1.00E+00,1.00E+00,1.00E+00,1.00E+00,1.00E+02,5.00E+02,1.00E+06,9.50E-01,4.31E-01,5.68E-01,1.00E+00,2.50E+01
1.00E+00,1.00E+00,0.00E+00,1.00E+00,0.00E+00,0.00E+00,0.00E+00,0.00E+00,1.00E+02,5.00E+02,1.00E+06,9.50E-01,2.20E-01,2.90E-01,1.00E+00,1.88E+01
1.00E+00,1.00E+00,0.00E+00,1.00E+00,0.00E+00,0.00E+00,0.00E+00,1.00E+00,1.00E+02,5.00E+02,1.00E+06,9.50E-01,2.92E-01,5.63E-01,1.00E+00,3.75E+01
1.00E+00,1.00E+00,0.00E+00,1.00E+00,0.00E+00,0.00E+00,1.00E+00,0.00E+00,1.00E+02,5.00E+02,1.00E+06,9.50E-01,2.95E-01,5.62E-01,1.00E+00,3.75E+01
1.00E+00,1.00E+00,0.00E+00,1.00E+00,0.00E+00,0.00E+00,1.00E+00,1.00E+00,1.00E+02,5.00E+02,1.00E+06,9.50E-01,3.63E-01,5.69E-01,1.00E+00,4.38E+01
1.00E+00,1.00E+00,0.00E+00,1.00E+00,0.00E+00,1.00E+00,0.00E+00,0.00E+00,1.00E+02,5.00E+02,1.00E+06,9.50E-01,2.96E-01,5.63E-01,1.00E+00,3.75E+01
1.00E+00,1.00E+00,0.00E+00,1.00E+00,0.00E+00,1.00E+00,0.00E+00,1.00E+00,1.00E+02,5.00E+02,1.00E+06,9.50E-01,3.66E-01,5.69E-01,1.00E+00,4.38E+01
1.00E+00,1.00E+00,0.00E+00,1.00E+00,0.00E+00,1.00E+00,1.00E+00,0.00E+00,1.00E+02,5.00E+02,1.00E+06,9.50E-01,3.66E-01,5.69E-01,1.00E+00,4.38E+01
1.00E+00,1.00E+00,0.00E+00,1.00E+00,0.00E+00,1.00E+00,1.00E+00,1.00E+00,1.00E+02,5.00E+02,1.00E+06,9.50E-01,4.34E-01,5.69E-01,1.00E+00,3.75E+01
1.00E+00,1.00E+00,0.00E+00,1.00E+00,1.00E+00,0.00E+00,0.00E+00,0.00E+00,1.00E+02,5.00E+02,1.00E+06,9.50E-01,2.92E-01,5.63E-01,1.00E+00,3.75E+01
1.00E+00,1.00E+00,0.00E+00,1.00E+00,1.00E+00,0.00E+00,0.00E+00,1.00E+00,1.00E+02,5.00E+02,1.00E+06,9.50E-01,3.63E-01,5.69E-01,1.00E+00,4.38E+01
1.00E+00,1.00E+00,0.00E+00,1.00E+00,1.00E+00,0.00E+00,1.00E+00,0.00E+00,1.00E+02,5.00E+02,1.00E+06,9.50E-01,3.66E-01,5.69E-01,1.00E+00,4.38E+01
1.00E+00,1.00E+00,0.00E+00,1.00E+00,1.00E+00,0.00E+00,1.00E+00,1.00E+00,1.00E+02,5.00E+02,1.00E+06,9.50E-01,4.34E-01,5.70E-01,1.00E+00,3.75E+01
1.00E+00,1.00E+00,0.00E+00,1.00E+00,1.00E+00,1.00E+00,0.00E+00,0.00E+00,1.00E+02,5.00E+02,1.00E+06,9.50E-01,3.63E-01,5.70E-01,1.00E+00,4.38E+01
1.00E+00,1.00E+00,0.00E+00,1.00E+00,1.00E+00,1.00E+00,0.00E+00,1.00E+00,1.00E+02,5.00E+02,1.00E+06,9.50E-01,4.34E-01,5.69E-01,1.00E+00,3.75E+01
1.00E+00,1.00E+00,0.00E+00,1.00E+00,1.00E+00,1.00E+00,1.00E+00,0.00E+00,1.00E+02,5.00E+02,1.00E+06,9.50E-01,4.34E-01,5.70E-01,1.00E+00,3.75E+01
1.00E+00,1.00E+00,0.00E+00,1.00E+00,1.00E+00,1.00E+00,1.00E+00,1.00E+00,1.00E+02,5.00E+02,1.00E+06,9.50E-01,5.02E-01,5.69E-01,1.00E+00,1.88E+01
1.00E+00,1.00E+00,1.00E+00,0.00E+00,0.00E+00,0.00E+00,0.00E+00,0.00E+00,1.00E+02,5.00E+02,1.00E+06,9.50E-01,2.17E-01,2.89E-01,1.00E+00,1.88E+01
1.00E+00,1.00E+00,1.00E+00,0.00E+00,0.00E+00,0.00E+00,0.00E+00,1.00E+00,1.00E+02,5.00E+02,1.00E+06,9.50E-01,2.88E-01,5.62E-01,1.00E+00,3.75E+01
1.00E+00,1.00E+00,1.00E+00,0.00E+00,0.00E+00,0.00E+00,1.00E+00,0.00E+00,1.00E+02,5.00E+02,1.00E+06,9.50E-01,2.92E-01,5.63E-01,1.00E+00,3.75E+01
1.00E+00,1.00E+00,1.00E+00,0.00E+00,0.00E+00,0.00E+00,1.00E+00,1.00E+00,1.00E+02,5.00E+02,1.00E+06,9.50E-01,3.60E-01,5.69E-01,1.00E+00,4.38E+01
1.00E+00,1.00E+00,1.00E+00,0.00E+00,0.00E+00,1.00E+00,0.00E+00,0.00E+00,1.00E+02,5.00E+02,1.00E+06,9.50E-01,2.92E-01,5.63E-01,1.00E+00,3.75E+01
1.00E+00,1.00E+00,1.00E+00,0.00E+00,0.00E+00,1.00E+00,0.00E+00,1.00E+00,1.00E+02,5.00E+02,1.00E+06,9.50E-01,3.63E-01,5.70E-01,1.00E+00,4.38E+01
1.00E+00,1.00E+00,1.00E+00,0.00E+00,0.00E+00,1.00E+00,1.00E+00,0.00E+00,1.00E+02,5.00E+02,1.00E+06,9.50E-01,3.63E-01,5.69E-01,1.00E+00,4.38E+01
1.00E+00,1.00E+00,1.00E+00,0.00E+00,0.00E+00,1.00E+00,1.00E+00,1.00E+00,1.00E+02,5.00E+02,1.00E+06,9.50E-01,4.31E-01,5.70E-01,1.00E+00,3.75E+01
1.00E+00,1.00E+00,1.00E+00,0.00E+00,1.00E+00,0.00E+00,0.00E+00,0.00E+00,1.00E+02,5.00E+02,1.00E+06,9.50E-01,2.92E-01,5.63E-01,1.00E+00,3.75E+01
1.00E+00,1.00E+00,1.00E+00,0.00E+00,1.00E+00,0.00E+00,0.00E+00,1.00E+00,1.00E+02,5.00E+02,1.00E+06,9.50E-01,3.63E-01,5.70E-01,1.00E+00,4.38E+01
1.00E+00,1.00E+00,1.00E+00,0.00E+00,1.00E+00,0.00E+00,1.00E+00,0.00E+00,1.00E+02,5.00E+02,1.00E+06,9.50E-01,3.66E-01,5.70E-01,1.00E+00,4.38E+01
1.00E+00,1.00E+00,1.00E+00,0.00E+00,1.00E+00,0.00E+00,1.00E+00,1.00E+00,1.00E+02,5.00E+02,1.00E+06,9.50E-01,4.34E-01,5.70E-01,1.00E+00,3.75E+01
1.00E+00,1.00E+00,1.00E+00,0.00E+00,1.00E+00,1.00E+00,0.00E+00,0.00E+00,1.00E+02,5.00E+02,1.00E+06,9.50E-01,3.63E-01,5.69E-01,1.00E+00,4.38E+01
1.00E+00,1.00E+00,1.00E+00,0.00E+00,1.00E+00,1.00E+00,0.00E+00,1.00E+00,1.00E+02,5.00E+02,1.00E+06,9.50E-01,4.34E-01,5.70E-01,1.00E+00,3.75E+01
1.00E+00,1.00E+00,1.00E+00,0.00E+00,1.00E+00,1.00E+00,1.00E+00,0.00E+00,1.00E+02,5.00E+02,1.00E+06,9.50E-01,4.34E-01,5.70E-01,1.00E+00,3.75E+01
1.00E+00,1.00E+00,1.00E+00,0.00E+00,1.00E+00,1.00E+00,1.00E+00,1.00E+00,1.00E+02,5.00E+02,1.00E+06,9.50E-01,5.02E-01,5.70E-01,1.00E+00,1.88E+01
1.00E+00,1.00E+00,1.00E+00,1.00E+00,0.00E+00,0.00E+00,0.00E+00,0.00E+00,1.00E+02,5.00E+02,1.00E+06,9.50E-01,2.89E-01,2.89E-01,1.00E+00,0.00E+00
1.00E+00,1.00E+00,1.00E+00,1.00E+00,0.00E+00,0.00E+00,0.00E+00,1.00E+00,1.00E+02,5.00E+02,1.00E+06,9.50E-01,3.60E-01,5.60E-01,1.00E+00,1.88E+01
1.00E+00,1.00E+00,1.00E+00,1.00E+00,0.00E+00,0.00E+00,1.00E+00,0.00E+00,1.00E+02,5.00E+02,1.00E+06,9.50E-01,3.63E-01,5.60E-01,1.00E+00,1.88E+01
1.00E+00,1.00E+00,1.00E+00,1.00E+00,0.00E+00,0.00E+00,1.00E+00,1.00E+00,1.00E+02,5.00E+02,1.00E+06,9.50E-01,4.31E-01,5.68E-01,1.00E+00,2.50E+01
1.00E+00,1.00E+00,1.00E+00,1.00E+00,0.00E+00,1.00E+00,0.00E+00,0.00E+00,1.00E+02,5.00E+02,1.00E+06,9.50E-01,3.63E-01,5.60E-01,1.00E+00,1.88E+01
1.00E+00,1.00E+00,1.00E+00,1.00E+00,0.00E+00,1.00E+00,0.00E+00,1.00E+00,1.00E+02,5.00E+02,1.00E+06,9.50E-01,4.34E-01,5.68E-01,1.00E+00,2.50E+01
1.00E+00,1.00E+00,1.00E+00,1.00E+00,0.00E+00,1.00E+00,1.00E+00,0.00E+00,1.00E+02,5.00E+02,1.00E+06,9.50E-01,4.33E-01,5.69E-01,1.00E+00,2.50E+01
1.00E+00,1.00E+00,1.00E+00,1.00E+00,0.00E+00,1.00E+00,1.00E+00,1.00E+00,1.00E+02,5.00E+02,1.00E+06,9.50E-01,5.02E-01,5.70E-01,1.00E+00,1.88E+01
1.00E+00,1.00E+00,1.00E+00,1.00E+00,1.00E+00,0.00E+00,0.00E+00,0.00E+00,1.00E+02,5.00E+02,1.00E+06,9.50E-01,3.60E-01,5.60E-01,1.00E+00,1.88E+01
1.00E+00,1.00E+00,1.00E+00,1.00E+00,1.00E+00,0.00E+00,0.00E+00,1.00E+00,1.00E+02,5.00E+02,1.00E+06,9.50E-01,4.32E-01,5.69E-01,1.00E+00,2.50E+01
1.00E+00,1.00E+00,1.00E+00,1.00E+00,1.00E+00,0.00E+00,1.00E+00,0.00E+00,1.00E+02,5.00E+02,1.00E+06,9.50E-01,4.34E-01,5.68E-01,1.00E+00,2.50E+01
1.00E+00,1.00E+00,1.00E+00,1.00E+00,1.00E+00,0.00E+00,1.00E+00,1.00E+00,1.00E+02,5.00E+02,1.00E+06,9.50E-01,5.02E-01,5.70E-01,1.00E+00,1.88E+01
1.00E+00,1.00E+00,1.00E+00,1.00E+00,1.00E+00,1.00E+00,0.00E+00,0.00E+00,1.00E+02,5.00E+02,1.00E+06,9.50E-01,4.31E-01,5.68E-01,1.00E+00,2.50E+01
1.00E+00,1.00E+00,1.00E+00,1.00E+00,1.00E+00,1.00E+00,0.00E+00,1.00E+00,1.00E+02,5.00E+02,1.00E+06,9.50E-01,5.02E-01,5.69E-01,1.00E+00,1.88E+01
1.00E+00,1.00E+00,1.00E+00,1.00E+00,1.00E+00,1.00E+00,1.00E+00,0.00E+00,1.00E+02,5.00E+02,1.00E+06,9.50E-01,5.02E-01,5.70E-01,1.00E+00,1.88E+01
1.00E+00,1.00E+00,1.00E+00,1.00E+00,1.00E+00,1.00E+00,1.00E+00,1.00E+00,1.00E+02,5.00E+02,1.00E+06,9.50E-01,5.70E-01,5.70E-01,1.00E+00,0.00E+00
