0,0,0,0,0,0,0,0,0,0,200,500,1e+06,0.65,0,0,1
0,0,0,0,0,0,0,0,0,1,200,500,1e+06,0.65,0.021078,0.0424,0.63672
0,0,0,0,0,0,0,0,1,0,200,500,1e+06,0.65,0.021198,0.042343,0.64063
0,0,0,0,0,0,0,0,1,1,200,500,1e+06,0.65,0.04164,0.041427,1.002
0,0,0,0,0,0,0,1,0,0,200,500,1e+06,0.65,0.021237,0.042277,0.64063
0,0,0,0,0,0,0,1,0,1,200,500,1e+06,0.65,0.042334,0.083477,0.64844
0,0,0,0,0,0,0,1,1,0,200,500,1e+06,0.65,0.041525,0.083077,0.63965
0,0,0,0,0,0,0,1,1,1,200,500,1e+06,0.65,0.062149,0.083003,0.84619
0,0,0,0,0,0,1,0,0,0,200,500,1e+06,0.65,0.02134,0.042512,0.64063
0,0,0,0,0,0,1,0,0,1,200,500,1e+06,0.65,0.042419,0.082793,0.64941
0,0,0,0,0,0,1,0,1,0,200,500,1e+06,0.65,0.042146,0.082758,0.64648
0,0,0,0,0,0,1,0,1,1,200,500,1e+06,0.65,0.062808,0.082881,0.85156
0,0,0,0,0,0,1,1,0,0,200,500,1e+06,0.65,0.04182,0.041617,1.0024
0,0,0,0,0,0,1,1,0,1,200,500,1e+06,0.65,0.062713,0.082636,0.85205
0,0,0,0,0,0,1,1,1,0,200,500,1e+06,0.65,0.062016,0.083021,0.84473
0,0,0,0,0,0,1,1,1,1,200,500,1e+06,0.65,0.082595,0.082323,1.0017
0,0,0,0,0,1,0,0,0,0,200,500,1e+06,0.65,0.021078,0.042289,0.64063
0,0,0,0,0,1,0,0,0,1,200,500,1e+06,0.65,0.042293,0.08441,0.63867
0,0,0,0,0,1,0,0,1,0,200,500,1e+06,0.65,0.04249,0.084626,0.6416
0,0,0,0,0,1,0,0,1,1,200,500,1e+06,0.65,0.06256,0.083841,0.8418
0,0,0,0,0,1,0,1,0,0,200,500,1e+06,0.65,0.042184,0.083448,0.64648
0,0,0,0,0,1,0,1,0,1,200,500,1e+06,0.65,0.063769,0.12396,0.65405
0,0,0,0,0,1,0,1,1,0,200,500,1e+06,0.65,0.062713,0.12387,0.64648
0,0,0,0,0,1,0,1,1,1,200,500,1e+06,0.65,0.083341,0.12357,0.79028
0,0,0,0,0,1,1,0,0,0,200,500,1e+06,0.65,0.041356,0.083503,0.63806
0,0,0,0,0,1,1,0,0,1,200,500,1e+06,0.65,0.062703,0.12384,0.64648
0,0,0,0,0,1,1,0,1,0,200,500,1e+06,0.65,0.062641,0.12416,0.64648
0,0,0,0,0,1,1,0,1,1,200,500,1e+06,0.65,0.083368,0.12385,0.78809
0,0,0,0,0,1,1,1,0,0,200,500,1e+06,0.65,0.061869,0.082588,0.84302
0,0,0,0,0,1,1,1,0,1,200,500,1e+06,0.65,0.082962,0.12399,0.78516
0,0,0,0,0,1,1,1,1,0,200,500,1e+06,0.65,0.082786,0.12361,0.78468
0,0,0,0,0,1,1,1,1,1,200,500,1e+06,0.65,0.10277,0.12397,0.90039
0,0,0,0,1,0,0,0,0,0,200,500,1e+06,0.65,0.021307,0.042309,0.64453
0,0,0,0,1,0,0,0,0,1,200,500,1e+06,0.65,0.042308,0.084751,0.64014
0,0,0,0,1,0,0,0,1,0,200,500,1e+06,0.65,0.042369,0.084567,0.64063
0,0,0,0,1,0,0,0,1,1,200,500,1e+06,0.65,0.062741,0.08381,0.84375
0,0,0,0,1,0,0,1,0,0,200,500,1e+06,0.65,0.042542,0.083167,0.65234
0,0,0,0,1,0,0,1,0,1,200,500,1e+06,0.65,0.063397,0.12343,0.65039
0,0,0,0,1,0,0,1,1,0,200,500,1e+06,0.65,0.062634,0.12445,0.64551
0,0,0,0,1,0,0,1,1,1,200,500,1e+06,0.65,0.08319,0.12322,0.78809
0,0,0,0,1,0,1,0,0,0,200,500,1e+06,0.65,0.042261,0.083594,0.64844
0,0,0,0,1,0,1,0,0,1,200,500,1e+06,0.65,0.063628,0.12422,0.65454
0,0,0,0,1,0,1,0,1,0,200,500,1e+06,0.65,0.063428,0.12405,0.65039
0,0,0,0,1,0,1,0,1,1,200,500,1e+06,0.65,0.084119,0.12362,0.79297
0,0,0,0,1,0,1,1,0,0,200,500,1e+06,0.65,0.062692,0.082751,0.84961
0,0,0,0,1,0,1,1,0,1,200,500,1e+06,0.65,0.08409,0.12396,0.79297
0,0,0,0,1,0,1,1,1,0,200,500,1e+06,0.65,0.082902,0.12362,0.78516
0,0,0,0,1,0,1,1,1,1,200,500,1e+06,0.65,0.10364,0.12379,0.90479
0,0,0,0,1,1,0,0,0,0,200,500,1e+06,0.65,0.041507,0.041671,0.99707
0,0,0,0,1,1,0,0,0,1,200,500,1e+06,0.65,0.062873,0.084053,0.84399
0,0,0,0,1,1,0,0,1,0,200,500,1e+06,0.65,0.062863,0.083902,0.84375
0,0,0,0,1,1,0,0,1,1,200,500,1e+06,0.65,0.0831,0.083155,1
0,0,0,0,1,1,0,1,0,0,200,500,1e+06,0.65,0.062914,0.082869,0.85156
0,0,0,0,1,1,0,1,0,1,200,500,1e+06,0.65,0.084098,0.12338,0.7937
0,0,0,0,1,1,0,1,1,0,200,500,1e+06,0.65,0.083309,0.12344,0.78876
0,0,0,0,1,1,0,1,1,1,200,500,1e+06,0.65,0.10404,0.12274,0.9082
0,0,0,0,1,1,1,0,0,0,200,500,1e+06,0.65,0.062351,0.08249,0.84766
0,0,0,0,1,1,1,0,0,1,200,500,1e+06,0.65,0.083097,0.12323,0.78711
0,0,0,0,1,1,1,0,1,0,200,500,1e+06,0.65,0.083231,0.12357,0.78946
0,0,0,0,1,1,1,0,1,1,200,500,1e+06,0.65,0.10398,0.12283,0.90808
0,0,0,0,1,1,1,1,0,0,200,500,1e+06,0.65,0.082401,0.082497,1
0,0,0,0,1,1,1,1,0,1,200,500,1e+06,0.65,0.10338,0.12368,0.90234
0,0,0,0,1,1,1,1,1,0,200,500,1e+06,0.65,0.10289,0.12367,0.90234
0,0,0,0,1,1,1,1,1,1,200,500,1e+06,0.65,0.12306,0.12309,1
0,0,0,1,0,0,0,0,0,0,200,500,1e+06,0.65,0.021224,0.042498,0.64258
0,0,0,1,0,0,0,0,0,1,200,500,1e+06,0.65,0.042404,0.084726,0.63867
0,0,0,1,0,0,0,0,1,0,200,500,1e+06,0.65,0.042667,0.084546,0.64453
0,0,0,1,0,0,0,0,1,1,200,500,1e+06,0.65,0.063005,0.08439,0.8457
0,0,0,1,0,0,0,1,0,0,200,500,1e+06,0.65,0.042331,0.084881,0.64063
0,0,0,1,0,0,0,1,0,1,200,500,1e+06,0.65,0.063265,0.1256,0.64453
0,0,0,1,0,0,0,1,1,0,200,500,1e+06,0.65,0.063084,0.12539,0.64404
0,0,0,1,0,0,0,1,1,1,200,500,1e+06,0.65,0.082919,0.1254,0.7793
0,0,0,1,0,0,1,0,0,0,200,500,1e+06,0.65,0.042496,0.0849,0.64258
0,0,0,1,0,0,1,0,0,1,200,500,1e+06,0.65,0.063625,0.12534,0.64844
0,0,0,1,0,0,1,0,1,0,200,500,1e+06,0.65,0.063516,0.12532,0.64697
0,0,0,1,0,0,1,0,1,1,200,500,1e+06,0.65,0.084137,0.12493,0.78912
0,0,0,1,0,0,1,1,0,0,200,500,1e+06,0.65,0.062758,0.083746,0.84375
0,0,0,1,0,0,1,1,0,1,200,500,1e+06,0.65,0.083917,0.1251,0.78711
0,0,0,1,0,0,1,1,1,0,200,500,1e+06,0.65,0.083404,0.12475,0.7832
0,0,0,1,0,0,1,1,1,1,200,500,1e+06,0.65,0.1035,0.1247,0.89844
0,0,0,1,0,1,0,0,0,0,200,500,1e+06,0.65,0.042212,0.083287,0.64453
0,0,0,1,0,1,0,0,0,1,200,500,1e+06,0.65,0.063594,0.12531,0.64844
0,0,0,1,0,1,0,0,1,0,200,500,1e+06,0.65,0.063565,0.12518,0.64697
0,0,0,1,0,1,0,0,1,1,200,500,1e+06,0.65,0.083896,0.12469,0.78809
0,0,0,1,0,1,0,1,0,0,200,500,1e+06,0.65,0.063531,0.12417,0.65234
0,0,0,1,0,1,0,1,0,1,200,500,1e+06,0.65,0.084565,0.16522,0.65234
0,0,0,1,0,1,0,1,1,0,200,500,1e+06,0.65,0.084114,0.16481,0.65039
0,0,0,1,0,1,0,1,1,1,200,500,1e+06,0.65,0.10407,0.16424,0.75781
0,0,0,1,0,1,1,0,0,0,200,500,1e+06,0.65,0.062684,0.12373,0.64648
0,0,0,1,0,1,1,0,0,1,200,500,1e+06,0.65,0.083877,0.16506,0.64941
0,0,0,1,0,1,1,0,1,0,200,500,1e+06,0.65,0.084077,0.1645,0.65039
0,0,0,1,0,1,1,0,1,1,200,500,1e+06,0.65,0.10443,0.16423,0.75977
0,0,0,1,0,1,1,1,0,0,200,500,1e+06,0.65,0.082595,0.12355,0.78418
0,0,0,1,0,1,1,1,0,1,200,500,1e+06,0.65,0.10403,0.16418,0.75562
0,0,0,1,0,1,1,1,1,0,200,500,1e+06,0.65,0.10348,0.16475,0.75391
0,0,0,1,0,1,1,1,1,1,200,500,1e+06,0.65,0.12404,0.16434,0.84814
0,0,0,1,1,0,0,0,0,0,200,500,1e+06,0.65,0.041644,0.083463,0.64063
0,0,0,1,1,0,0,0,0,1,200,500,1e+06,0.65,0.062824,0.12544,0.64111
0,0,0,1,1,0,0,0,1,0,200,500,1e+06,0.65,0.062925,0.12565,0.64063
0,0,0,1,1,0,0,0,1,1,200,500,1e+06,0.65,0.083108,0.12455,0.7832
0,0,0,1,1,0,0,1,0,0,200,500,1e+06,0.65,0.062942,0.12398,0.64893
0,0,0,1,1,0,0,1,0,1,200,500,1e+06,0.65,0.08418,0.16483,0.65039
0,0,0,1,1,0,0,1,1,0,200,500,1e+06,0.65,0.083192,0.1647,0.64648
0,0,0,1,1,0,0,1,1,1,200,500,1e+06,0.65,0.10389,0.16424,0.75488
0,0,0,1,1,0,1,0,0,0,200,500,1e+06,0.65,0.062493,0.12394,0.64453
0,0,0,1,1,0,1,0,0,1,200,500,1e+06,0.65,0.083829,0.16423,0.64941
0,0,0,1,1,0,1,0,1,0,200,500,1e+06,0.65,0.083959,0.16455,0.64844
0,0,0,1,1,0,1,0,1,1,200,500,1e+06,0.65,0.10425,0.1641,0.75586
0,0,0,1,1,0,1,1,0,0,200,500,1e+06,0.65,0.083145,0.12355,0.78709
0,0,0,1,1,0,1,1,0,1,200,500,1e+06,0.65,0.10423,0.16492,0.75684
0,0,0,1,1,0,1,1,1,0,200,500,1e+06,0.65,0.10329,0.16458,0.75244
0,0,0,1,1,0,1,1,1,1,200,500,1e+06,0.65,0.12388,0.16355,0.84753
0,0,0,1,1,1,0,0,0,0,200,500,1e+06,0.65,0.062009,0.082604,0.84326
0,0,0,1,1,1,0,0,0,1,200,500,1e+06,0.65,0.083382,0.12495,0.7832
0,0,0,1,1,1,0,0,1,0,200,500,1e+06,0.65,0.083226,0.1249,0.78369
0,0,0,1,1,1,0,0,1,1,200,500,1e+06,0.65,0.10355,0.12404,0.90161
0,0,0,1,1,1,0,1,0,0,200,500,1e+06,0.65,0.082978,0.12399,0.78516
0,0,0,1,1,1,0,1,0,1,200,500,1e+06,0.65,0.10423,0.16409,0.75782
0,0,0,1,1,1,0,1,1,0,200,500,1e+06,0.65,0.10383,0.16471,0.75488
0,0,0,1,1,1,0,1,1,1,200,500,1e+06,0.65,0.12377,0.16393,0.84766
0,0,0,1,1,1,1,0,0,0,200,500,1e+06,0.65,0.08226,0.12395,0.77734
0,0,0,1,1,1,1,0,0,1,200,500,1e+06,0.65,0.10349,0.16469,0.75366
0,0,0,1,1,1,1,0,1,0,200,500,1e+06,0.65,0.10362,0.16441,0.75391
0,0,0,1,1,1,1,0,1,1,200,500,1e+06,0.65,0.1238,0.16375,0.84766
0,0,0,1,1,1,1,1,0,0,200,500,1e+06,0.65,0.10265,0.12312,0.90039
0,0,0,1,1,1,1,1,0,1,200,500,1e+06,0.65,0.12379,0.16481,0.84521
0,0,0,1,1,1,1,1,1,0,200,500,1e+06,0.65,0.12304,0.16487,0.84375
0,0,0,1,1,1,1,1,1,1,200,500,1e+06,0.65,0.14351,0.16379,0.92676
0,0,1,0,0,0,0,0,0,0,200,500,1e+06,0.65,0.02116,0.042666,0.64063
0,0,1,0,0,0,0,0,0,1,200,500,1e+06,0.65,0.042417,0.08464,0.64063
0,0,1,0,0,0,0,0,1,0,200,500,1e+06,0.65,0.04252,0.084596,0.64453
0,0,1,0,0,0,0,0,1,1,200,500,1e+06,0.65,0.062772,0.084115,0.84375
0,0,1,0,0,0,0,1,0,0,200,500,1e+06,0.65,0.042379,0.084805,0.64063
0,0,1,0,0,0,0,1,0,1,200,500,1e+06,0.65,0.063695,0.12533,0.64844
0,0,1,0,0,0,0,1,1,0,200,500,1e+06,0.65,0.062928,0.12553,0.64063
0,0,1,0,0,0,0,1,1,1,200,500,1e+06,0.65,0.083199,0.12526,0.78125
0,0,1,0,0,0,1,0,0,0,200,500,1e+06,0.65,0.042466,0.085008,0.64063
0,0,1,0,0,0,1,0,0,1,200,500,1e+06,0.65,0.063486,0.12556,0.64648
0,0,1,0,0,0,1,0,1,0,200,500,1e+06,0.65,0.063628,0.12577,0.64648
0,0,1,0,0,0,1,0,1,1,200,500,1e+06,0.65,0.083995,0.12517,0.78711
0,0,1,0,0,0,1,1,0,0,200,500,1e+06,0.65,0.062907,0.083383,0.84326
0,0,1,0,0,0,1,1,0,1,200,500,1e+06,0.65,0.083534,0.12431,0.78467
0,0,1,0,0,0,1,1,1,0,200,500,1e+06,0.65,0.083112,0.1249,0.78076
0,0,1,0,0,0,1,1,1,1,200,500,1e+06,0.65,0.10402,0.12491,0.90137
0,0,1,0,0,1,0,0,0,0,200,500,1e+06,0.65,0.042457,0.082702,0.64941
0,0,1,0,0,1,0,0,0,1,200,500,1e+06,0.65,0.063759,0.12526,0.64746
0,0,1,0,0,1,0,0,1,0,200,500,1e+06,0.65,0.063313,0.12552,0.64601
0,0,1,0,0,1,0,0,1,1,200,500,1e+06,0.65,0.084198,0.12505,0.78906
0,0,1,0,0,1,0,1,0,0,200,500,1e+06,0.65,0.063388,0.12415,0.65137
0,0,1,0,0,1,0,1,0,1,200,500,1e+06,0.65,0.084711,0.16482,0.6543
0,0,1,0,0,1,0,1,1,0,200,500,1e+06,0.65,0.083823,0.16473,0.64893
0,0,1,0,0,1,0,1,1,1,200,500,1e+06,0.65,0.10421,0.16431,0.75702
0,0,1,0,0,1,1,0,0,0,200,500,1e+06,0.65,0.062765,0.12373,0.64648
0,0,1,0,0,1,1,0,0,1,200,500,1e+06,0.65,0.083971,0.16476,0.64966
0,0,1,0,0,1,1,0,1,0,200,500,1e+06,0.65,0.084215,0.16452,0.65234
0,0,1,0,0,1,1,0,1,1,200,500,1e+06,0.65,0.10465,0.16425,0.75781
0,0,1,0,0,1,1,1,0,0,200,500,1e+06,0.65,0.082969,0.12391,0.78613
0,0,1,0,0,1,1,1,0,1,200,500,1e+06,0.65,0.10469,0.16433,0.75977
0,0,1,0,0,1,1,1,1,0,200,500,1e+06,0.65,0.10322,0.16465,0.75
0,0,1,0,0,1,1,1,1,1,200,500,1e+06,0.65,0.12399,0.16428,0.84741
0,0,1,0,1,0,0,0,0,0,200,500,1e+06,0.65,0.042244,0.083164,0.64844
0,0,1,0,1,0,0,0,0,1,200,500,1e+06,0.65,0.063497,0.1257,0.64746
0,0,1,0,1,0,0,0,1,0,200,500,1e+06,0.65,0.063642,0.12513,0.64893
0,0,1,0,1,0,0,0,1,1,200,500,1e+06,0.65,0.084126,0.1252,0.78906
0,0,1,0,1,0,0,1,0,0,200,500,1e+06,0.65,0.063379,0.12399,0.65039
0,0,1,0,1,0,0,1,0,1,200,500,1e+06,0.65,0.084741,0.16484,0.65454
0,0,1,0,1,0,0,1,1,0,200,500,1e+06,0.65,0.084422,0.16489,0.6521
0,0,1,0,1,0,0,1,1,1,200,500,1e+06,0.65,0.10443,0.16478,0.75839
0,0,1,0,1,0,1,0,0,0,200,500,1e+06,0.65,0.063679,0.12377,0.65332
0,0,1,0,1,0,1,0,0,1,200,500,1e+06,0.65,0.084894,0.16455,0.65625
0,0,1,0,1,0,1,0,1,0,200,500,1e+06,0.65,0.08415,0.16453,0.65112
0,0,1,0,1,0,1,0,1,1,200,500,1e+06,0.65,0.10489,0.1643,0.76172
0,0,1,0,1,0,1,1,0,0,200,500,1e+06,0.65,0.084078,0.12376,0.79297
0,0,1,0,1,0,1,1,0,1,200,500,1e+06,0.65,0.10499,0.16466,0.76025
0,0,1,0,1,0,1,1,1,0,200,500,1e+06,0.65,0.10442,0.16448,0.75781
0,0,1,0,1,0,1,1,1,1,200,500,1e+06,0.65,0.12458,0.16416,0.84912
0,0,1,0,1,1,0,0,0,0,200,500,1e+06,0.65,0.062581,0.083017,0.84863
0,0,1,0,1,1,0,0,0,1,200,500,1e+06,0.65,0.083432,0.12521,0.7832
0,0,1,0,1,1,0,0,1,0,200,500,1e+06,0.65,0.08395,0.12467,0.78516
0,0,1,0,1,1,0,0,1,1,200,500,1e+06,0.65,0.10441,0.12447,0.90527
0,0,1,0,1,1,0,1,0,0,200,500,1e+06,0.65,0.083987,0.12387,0.79199
0,0,1,0,1,1,0,1,0,1,200,500,1e+06,0.65,0.10533,0.16438,0.7627
0,0,1,0,1,1,0,1,1,0,200,500,1e+06,0.65,0.10413,0.16463,0.75486
0,0,1,0,1,1,0,1,1,1,200,500,1e+06,0.65,0.12452,0.16386,0.84961
0,0,1,0,1,1,1,0,0,0,200,500,1e+06,0.65,0.082977,0.12361,0.78564
0,0,1,0,1,1,1,0,0,1,200,500,1e+06,0.65,0.10404,0.16461,0.75586
0,0,1,0,1,1,1,0,1,0,200,500,1e+06,0.65,0.1039,0.16448,0.75586
0,0,1,0,1,1,1,0,1,1,200,500,1e+06,0.65,0.12511,0.16388,0.85294
0,0,1,0,1,1,1,1,0,0,200,500,1e+06,0.65,0.10378,0.1235,0.90625
0,0,1,0,1,1,1,1,0,1,200,500,1e+06,0.65,0.12492,0.16464,0.8512
0,0,1,0,1,1,1,1,1,0,200,500,1e+06,0.65,0.12426,0.16456,0.84863
0,0,1,0,1,1,1,1,1,1,200,500,1e+06,0.65,0.14435,0.16407,0.92981
0,0,1,1,0,0,0,0,0,0,200,500,1e+06,0.65,0.041345,0.041753,0.99561
0,0,1,1,0,0,0,0,0,1,200,500,1e+06,0.65,0.06272,0.083903,0.84277
0,0,1,1,0,0,0,0,1,0,200,500,1e+06,0.65,0.062642,0.083829,0.84375
0,0,1,1,0,0,0,0,1,1,200,500,1e+06,0.65,0.083397,0.083615,0.99976
0,0,1,1,0,0,0,1,0,0,200,500,1e+06,0.65,0.062925,0.083929,0.84375
0,0,1,1,0,0,0,1,0,1,200,500,1e+06,0.65,0.084178,0.12426,0.79102
0,0,1,1,0,0,0,1,1,0,200,500,1e+06,0.65,0.083094,0.125,0.7832
0,0,1,1,0,0,0,1,1,1,200,500,1e+06,0.65,0.10375,0.12442,0.90332
0,0,1,1,0,0,1,0,0,0,200,500,1e+06,0.65,0.063008,0.083758,0.84375
0,0,1,1,0,0,1,0,0,1,200,500,1e+06,0.65,0.083949,0.12449,0.78809
0,0,1,1,0,0,1,0,1,0,200,500,1e+06,0.65,0.083698,0.12473,0.78711
0,0,1,1,0,0,1,0,1,1,200,500,1e+06,0.65,0.10425,0.12445,0.9043
0,0,1,1,0,0,1,1,0,0,200,500,1e+06,0.65,0.083065,0.08356,0.99805
0,0,1,1,0,0,1,1,0,1,200,500,1e+06,0.65,0.10407,0.12458,0.90527
0,0,1,1,0,0,1,1,1,0,200,500,1e+06,0.65,0.10373,0.12436,0.9021
0,0,1,1,0,0,1,1,1,1,200,500,1e+06,0.65,0.12445,0.12386,1.002
0,0,1,1,0,1,0,0,0,0,200,500,1e+06,0.65,0.062892,0.082879,0.84912
0,0,1,1,0,1,0,0,0,1,200,500,1e+06,0.65,0.083974,0.12457,0.78717
0,0,1,1,0,1,0,0,1,0,200,500,1e+06,0.65,0.084008,0.12474,0.7876
0,0,1,1,0,1,0,0,1,1,200,500,1e+06,0.65,0.10437,0.12403,0.90527
0,0,1,1,0,1,0,1,0,0,200,500,1e+06,0.65,0.083789,0.12374,0.79102
0,0,1,1,0,1,0,1,0,1,200,500,1e+06,0.65,0.10517,0.16439,0.76221
0,0,1,1,0,1,0,1,1,0,200,500,1e+06,0.65,0.10418,0.16423,0.75732
0,0,1,1,0,1,0,1,1,1,200,500,1e+06,0.65,0.12464,0.16416,0.85303
0,0,1,1,0,1,1,0,0,0,200,500,1e+06,0.65,0.082942,0.12365,0.78589
0,0,1,1,0,1,1,0,0,1,200,500,1e+06,0.65,0.10425,0.16404,0.75781
0,0,1,1,0,1,1,0,1,0,200,500,1e+06,0.65,0.10404,0.16425,0.75781
0,0,1,1,0,1,1,0,1,1,200,500,1e+06,0.65,0.12478,0.16375,0.85254
0,0,1,1,0,1,1,1,0,0,200,500,1e+06,0.65,0.10379,0.12293,0.9082
0,0,1,1,0,1,1,1,0,1,200,500,1e+06,0.65,0.12469,0.16412,0.85254
0,0,1,1,0,1,1,1,1,0,200,500,1e+06,0.65,0.12389,0.16413,0.84741
0,0,1,1,0,1,1,1,1,1,200,500,1e+06,0.65,0.14446,0.16351,0.93164
0,0,1,1,1,0,0,0,0,0,200,500,1e+06,0.65,0.062323,0.082729,0.84766
0,0,1,1,1,0,0,0,0,1,200,500,1e+06,0.65,0.083221,0.12478,0.7832
0,0,1,1,1,0,0,0,1,0,200,500,1e+06,0.65,0.083465,0.1248,0.78516
0,0,1,1,1,0,0,0,1,1,200,500,1e+06,0.65,0.10355,0.12424,0.90173
0,0,1,1,1,0,0,1,0,0,200,500,1e+06,0.65,0.083035,0.1235,0.78613
0,0,1,1,1,0,0,1,0,1,200,500,1e+06,0.65,0.10425,0.16434,0.75684
0,0,1,1,1,0,0,1,1,0,200,500,1e+06,0.65,0.10361,0.16446,0.75391
0,0,1,1,1,0,0,1,1,1,200,500,1e+06,0.65,0.12424,0.16395,0.84961
0,0,1,1,1,0,1,0,0,0,200,500,1e+06,0.65,0.083189,0.1237,0.78912
0,0,1,1,1,0,1,0,0,1,200,500,1e+06,0.65,0.1045,0.16434,0.75928
0,0,1,1,1,0,1,0,1,0,200,500,1e+06,0.65,0.10428,0.16436,0.75833
0,0,1,1,1,0,1,0,1,1,200,500,1e+06,0.65,0.12475,0.16377,0.85352
0,0,1,1,1,0,1,1,0,0,200,500,1e+06,0.65,0.10379,0.1229,0.9082
0,0,1,1,1,0,1,1,0,1,200,500,1e+06,0.65,0.12499,0.1643,0.85364
0,0,1,1,1,0,1,1,1,0,200,500,1e+06,0.65,0.12417,0.16397,0.85059
0,0,1,1,1,0,1,1,1,1,200,500,1e+06,0.65,0.14408,0.16372,0.92993
0,0,1,1,1,1,0,0,0,0,200,500,1e+06,0.65,0.082168,0.082533,0.99902
0,0,1,1,1,1,0,0,0,1,200,500,1e+06,0.65,0.10386,0.12478,0.90039
0,0,1,1,1,1,0,0,1,0,200,500,1e+06,0.65,0.10364,0.12469,0.89844
0,0,1,1,1,1,0,0,1,1,200,500,1e+06,0.65,0.12383,0.12417,0.99902
0,0,1,1,1,1,0,1,0,0,200,500,1e+06,0.65,0.1036,0.1235,0.90479
0,0,1,1,1,1,0,1,0,1,200,500,1e+06,0.65,0.12456,0.16413,0.84912
0,0,1,1,1,1,0,1,1,0,200,500,1e+06,0.65,0.12342,0.16437,0.84509
0,0,1,1,1,1,0,1,1,1,200,500,1e+06,0.65,0.14442,0.16403,0.93164
0,0,1,1,1,1,1,0,0,0,200,500,1e+06,0.65,0.10267,0.1236,0.8999
0,0,1,1,1,1,1,0,0,1,200,500,1e+06,0.65,0.12455,0.16457,0.84961
0,0,1,1,1,1,1,0,1,0,200,500,1e+06,0.65,0.12392,0.16405,0.84741
0,0,1,1,1,1,1,0,1,1,200,500,1e+06,0.65,0.14442,0.1639,0.93114
0,0,1,1,1,1,1,1,0,0,200,500,1e+06,0.65,0.12358,0.12334,1.001
0,0,1,1,1,1,1,1,0,1,200,500,1e+06,0.65,0.14469,0.16385,0.93115
0,0,1,1,1,1,1,1,1,0,200,500,1e+06,0.65,0.14328,0.16425,0.92578
0,0,1,1,1,1,1,1,1,1,200,500,1e+06,0.65,0.16416,0.1639,1.0004
0,1,0,0,0,0,0,0,0,0,200,500,1e+06,0.65,0.02139,0.042423,0.64355
0,1,0,0,0,0,0,0,0,1,200,500,1e+06,0.65,0.042637,0.083391,0.65234
0,1,0,0,0,0,0,0,1,0,200,500,1e+06,0.65,0.042609,0.083042,0.65234
0,1,0,0,0,0,0,0,1,1,200,500,1e+06,0.65,0.062739,0.082537,0.84765
0,1,0,0,0,0,0,1,0,0,200,500,1e+06,0.65,0.042479,0.084709,0.64258
0,1,0,0,0,0,0,1,0,1,200,500,1e+06,0.65,0.06308,0.12367,0.64844
0,1,0,0,0,0,0,1,1,0,200,500,1e+06,0.65,0.062695,0.12379,0.64844
0,1,0,0,0,0,0,1,1,1,200,500,1e+06,0.65,0.083308,0.12353,0.78711
0,1,0,0,0,0,1,0,0,0,200,500,1e+06,0.65,0.042197,0.084905,0.63867
0,1,0,0,0,0,1,0,0,1,200,500,1e+06,0.65,0.063689,0.12407,0.65344
0,1,0,0,0,0,1,0,1,0,200,500,1e+06,0.65,0.063415,0.12402,0.65234
0,1,0,0,0,0,1,0,1,1,200,500,1e+06,0.65,0.084073,0.12402,0.79297
0,1,0,0,0,0,1,1,0,0,200,500,1e+06,0.65,0.062918,0.083646,0.8457
0,1,0,0,0,0,1,1,0,1,200,500,1e+06,0.65,0.083804,0.12399,0.79102
0,1,0,0,0,0,1,1,1,0,200,500,1e+06,0.65,0.083117,0.12333,0.78711
0,1,0,0,0,0,1,1,1,1,200,500,1e+06,0.65,0.10321,0.12369,0.90332
0,1,0,0,0,1,0,0,0,0,200,500,1e+06,0.65,0.042363,0.084463,0.64063
0,1,0,0,0,1,0,0,0,1,200,500,1e+06,0.65,0.063514,0.12549,0.64746
0,1,0,0,0,1,0,0,1,0,200,500,1e+06,0.65,0.063459,0.12547,0.64844
0,1,0,0,0,1,0,0,1,1,200,500,1e+06,0.65,0.084115,0.12507,0.78809
0,1,0,0,0,1,0,1,0,0,200,500,1e+06,0.65,0.063561,0.12571,0.64648
0,1,0,0,0,1,0,1,0,1,200,500,1e+06,0.65,0.084661,0.16471,0.6543
0,1,0,0,0,1,0,1,1,0,200,500,1e+06,0.65,0.083844,0.16506,0.64966
0,1,0,0,0,1,0,1,1,1,200,500,1e+06,0.65,0.10418,0.16472,0.75635
0,1,0,0,0,1,1,0,0,0,200,500,1e+06,0.65,0.062799,0.12554,0.64063
0,1,0,0,0,1,1,0,0,1,200,500,1e+06,0.65,0.083921,0.1644,0.64844
0,1,0,0,0,1,1,0,1,0,200,500,1e+06,0.65,0.084019,0.16503,0.65039
0,1,0,0,0,1,1,0,1,1,200,500,1e+06,0.65,0.10425,0.16464,0.75586
0,1,0,0,0,1,1,1,0,0,200,500,1e+06,0.65,0.08366,0.1247,0.78464
0,1,0,0,0,1,1,1,0,1,200,500,1e+06,0.65,0.10404,0.16454,0.75485
0,1,0,0,0,1,1,1,1,0,200,500,1e+06,0.65,0.10374,0.16411,0.75488
0,1,0,0,0,1,1,1,1,1,200,500,1e+06,0.65,0.1239,0.16411,0.8468
0,1,0,0,1,0,0,0,0,0,200,500,1e+06,0.65,0.042394,0.084351,0.64063
0,1,0,0,1,0,0,0,0,1,200,500,1e+06,0.65,0.06345,0.12516,0.64624
0,1,0,0,1,0,0,0,1,0,200,500,1e+06,0.65,0.063456,0.12535,0.64668
0,1,0,0,1,0,0,0,1,1,200,500,1e+06,0.65,0.084207,0.12495,0.7876
0,1,0,0,1,0,0,1,0,0,200,500,1e+06,0.65,0.063442,0.12535,0.64453
0,1,0,0,1,0,0,1,0,1,200,500,1e+06,0.65,0.084852,0.16452,0.65454
0,1,0,0,1,0,0,1,1,0,200,500,1e+06,0.65,0.084087,0.16499,0.6506
0,1,0,0,1,0,0,1,1,1,200,500,1e+06,0.65,0.10415,0.16442,0.75537
0,1,0,0,1,0,1,0,0,0,200,500,1e+06,0.65,0.063405,0.12502,0.64648
0,1,0,0,1,0,1,0,0,1,200,500,1e+06,0.65,0.084698,0.16469,0.6543
0,1,0,0,1,0,1,0,1,0,200,500,1e+06,0.65,0.084689,0.1649,0.65381
0,1,0,0,1,0,1,0,1,1,200,500,1e+06,0.65,0.10492,0.1646,0.75879
0,1,0,0,1,0,1,1,0,0,200,500,1e+06,0.65,0.084062,0.12488,0.78748
0,1,0,0,1,0,1,1,0,1,200,500,1e+06,0.65,0.10527,0.16464,0.76123
0,1,0,0,1,0,1,1,1,0,200,500,1e+06,0.65,0.104,0.16481,0.75482
0,1,0,0,1,0,1,1,1,1,200,500,1e+06,0.65,0.12457,0.16413,0.84863
0,1,0,0,1,1,0,0,0,0,200,500,1e+06,0.65,0.062799,0.084098,0.84387
0,1,0,0,1,1,0,0,0,1,200,500,1e+06,0.65,0.083968,0.12437,0.78711
0,1,0,0,1,1,0,0,1,0,200,500,1e+06,0.65,0.08419,0.12537,0.79004
0,1,0,0,1,1,0,0,1,1,200,500,1e+06,0.65,0.1042,0.12428,0.90234
0,1,0,0,1,1,0,1,0,0,200,500,1e+06,0.65,0.083894,0.1251,0.78613
0,1,0,0,1,1,0,1,0,1,200,500,1e+06,0.65,0.10538,0.16399,0.7627
0,1,0,0,1,1,0,1,1,0,200,500,1e+06,0.65,0.10415,0.16496,0.75586
0,1,0,0,1,1,0,1,1,1,200,500,1e+06,0.65,0.12476,0.16485,0.85156
0,1,0,0,1,1,1,0,0,0,200,500,1e+06,0.65,0.083297,0.12478,0.78259
0,1,0,0,1,1,1,0,0,1,200,500,1e+06,0.65,0.10456,0.16424,0.75977
0,1,0,0,1,1,1,0,1,0,200,500,1e+06,0.65,0.10415,0.16422,0.75684
0,1,0,0,1,1,1,0,1,1,200,500,1e+06,0.65,0.12454,0.16427,0.85114
0,1,0,0,1,1,1,1,0,0,200,500,1e+06,0.65,0.10349,0.12471,0.89917
0,1,0,0,1,1,1,1,0,1,200,500,1e+06,0.65,0.12493,0.16432,0.85156
0,1,0,0,1,1,1,1,1,0,200,500,1e+06,0.65,0.12408,0.16387,0.84717
0,1,0,0,1,1,1,1,1,1,200,500,1e+06,0.65,0.14435,0.16454,0.92969
0,1,0,1,0,0,0,0,0,0,200,500,1e+06,0.65,0.042511,0.083159,0.65234
0,1,0,1,0,0,0,0,0,1,200,500,1e+06,0.65,0.063471,0.12395,0.65234
0,1,0,1,0,0,0,0,1,0,200,500,1e+06,0.65,0.063411,0.12385,0.65186
0,1,0,1,0,0,0,0,1,1,200,500,1e+06,0.65,0.083639,0.12357,0.79102
0,1,0,1,0,0,0,1,0,0,200,500,1e+06,0.65,0.063698,0.12578,0.64844
0,1,0,1,0,0,0,1,0,1,200,500,1e+06,0.65,0.084433,0.16478,0.65234
0,1,0,1,0,0,0,1,1,0,200,500,1e+06,0.65,0.083968,0.16469,0.64844
0,1,0,1,0,0,0,1,1,1,200,500,1e+06,0.65,0.10451,0.16457,0.75726
0,1,0,1,0,0,1,0,0,0,200,500,1e+06,0.65,0.063168,0.12564,0.64417
0,1,0,1,0,0,1,0,0,1,200,500,1e+06,0.65,0.085145,0.16454,0.65674
0,1,0,1,0,0,1,0,1,0,200,500,1e+06,0.65,0.08486,0.16445,0.65527
0,1,0,1,0,0,1,0,1,1,200,500,1e+06,0.65,0.10548,0.16458,0.76367
0,1,0,1,0,0,1,1,0,0,200,500,1e+06,0.65,0.083913,0.12443,0.7876
0,1,0,1,0,0,1,1,0,1,200,500,1e+06,0.65,0.10502,0.16395,0.76172
0,1,0,1,0,0,1,1,1,0,200,500,1e+06,0.65,0.10448,0.16465,0.75977
0,1,0,1,0,0,1,1,1,1,200,500,1e+06,0.65,0.12474,0.16384,0.85132
0,1,0,1,0,1,0,0,0,0,200,500,1e+06,0.65,0.06344,0.12448,0.64844
0,1,0,1,0,1,0,0,0,1,200,500,1e+06,0.65,0.08441,0.16447,0.65234
0,1,0,1,0,1,0,0,1,0,200,500,1e+06,0.65,0.085008,0.16465,0.65677
0,1,0,1,0,1,0,0,1,1,200,500,1e+06,0.65,0.10531,0.16432,0.76416
0,1,0,1,0,1,0,1,0,0,200,500,1e+06,0.65,0.084578,0.16474,0.65332
0,1,0,1,0,1,0,1,0,1,200,500,1e+06,0.65,0.10607,0.20472,0.65967
0,1,0,1,0,1,0,1,1,0,200,500,1e+06,0.65,0.10501,0.20391,0.6543
0,1,0,1,0,1,0,1,1,1,200,500,1e+06,0.65,0.12579,0.20408,0.74365
0,1,0,1,0,1,1,0,0,0,200,500,1e+06,0.65,0.083837,0.16444,0.64844
0,1,0,1,0,1,1,0,0,1,200,500,1e+06,0.65,0.10486,0.20404,0.6543
0,1,0,1,0,1,1,0,1,0,200,500,1e+06,0.65,0.10523,0.2044,0.65576
0,1,0,1,0,1,1,0,1,1,200,500,1e+06,0.65,0.12532,0.20397,0.74219
0,1,0,1,0,1,1,1,0,0,200,500,1e+06,0.65,0.10407,0.16404,0.75567
0,1,0,1,0,1,1,1,0,1,200,500,1e+06,0.65,0.12566,0.20381,0.74365
0,1,0,1,0,1,1,1,1,0,200,500,1e+06,0.65,0.12459,0.20398,0.73828
0,1,0,1,0,1,1,1,1,1,200,500,1e+06,0.65,0.14474,0.20413,0.81643
0,1,0,1,1,0,0,0,0,0,200,500,1e+06,0.65,0.062911,0.12438,0.64844
0,1,0,1,1,0,0,0,0,1,200,500,1e+06,0.65,0.084212,0.16495,0.65137
0,1,0,1,1,0,0,0,1,0,200,500,1e+06,0.65,0.083707,0.16463,0.64844
0,1,0,1,1,0,0,0,1,1,200,500,1e+06,0.65,0.10439,0.16435,0.75781
0,1,0,1,1,0,0,1,0,0,200,500,1e+06,0.65,0.084032,0.16463,0.65045
0,1,0,1,1,0,0,1,0,1,200,500,1e+06,0.65,0.10505,0.20409,0.65424
0,1,0,1,1,0,0,1,1,0,200,500,1e+06,0.65,0.10427,0.20375,0.65039
0,1,0,1,1,0,0,1,1,1,200,500,1e+06,0.65,0.12504,0.20376,0.74023
0,1,0,1,1,0,1,0,0,0,200,500,1e+06,0.65,0.084248,0.16471,0.65234
0,1,0,1,1,0,1,0,0,1,200,500,1e+06,0.65,0.1051,0.20393,0.65479
0,1,0,1,1,0,1,0,1,0,200,500,1e+06,0.65,0.105,0.20413,0.65527
0,1,0,1,1,0,1,0,1,1,200,500,1e+06,0.65,0.12543,0.204,0.74219
0,1,0,1,1,0,1,1,0,0,200,500,1e+06,0.65,0.10429,0.16398,0.75781
0,1,0,1,1,0,1,1,0,1,200,500,1e+06,0.65,0.12557,0.20417,0.74219
0,1,0,1,1,0,1,1,1,0,200,500,1e+06,0.65,0.12451,0.20423,0.73828
0,1,0,1,1,0,1,1,1,1,200,500,1e+06,0.65,0.14532,0.2043,0.81787
0,1,0,1,1,1,0,0,0,0,200,500,1e+06,0.65,0.083278,0.12351,0.78711
0,1,0,1,1,1,0,0,0,1,200,500,1e+06,0.65,0.10426,0.16424,0.75684
0,1,0,1,1,1,0,0,1,0,200,500,1e+06,0.65,0.10421,0.16415,0.75684
0,1,0,1,1,1,0,0,1,1,200,500,1e+06,0.65,0.12478,0.16379,0.85303
0,1,0,1,1,1,0,1,0,0,200,500,1e+06,0.65,0.10451,0.16451,0.75781
0,1,0,1,1,1,0,1,0,1,200,500,1e+06,0.65,0.12584,0.20414,0.74347
0,1,0,1,1,1,0,1,1,0,200,500,1e+06,0.65,0.12472,0.20359,0.73828
0,1,0,1,1,1,0,1,1,1,200,500,1e+06,0.65,0.14532,0.20337,0.81738
0,1,0,1,1,1,1,0,0,0,200,500,1e+06,0.65,0.10357,0.16394,0.75391
0,1,0,1,1,1,1,0,0,1,200,500,1e+06,0.65,0.12503,0.20379,0.74072
0,1,0,1,1,1,1,0,1,0,200,500,1e+06,0.65,0.12482,0.2037,0.74023
0,1,0,1,1,1,1,0,1,1,200,500,1e+06,0.65,0.14543,0.20381,0.82031
0,1,0,1,1,1,1,1,0,0,200,500,1e+06,0.65,0.12435,0.1641,0.84863
0,1,0,1,1,1,1,1,0,1,200,500,1e+06,0.65,0.14526,0.2043,0.81738
0,1,0,1,1,1,1,1,1,0,200,500,1e+06,0.65,0.14427,0.204,0.81396
0,1,0,1,1,1,1,1,1,1,200,500,1e+06,0.65,0.1648,0.20373,0.88477
0,1,1,0,0,0,0,0,0,0,200,500,1e+06,0.65,0.041433,0.083591,0.63867
0,1,1,0,0,0,0,0,0,1,200,500,1e+06,0.65,0.06274,0.1241,0.64648
0,1,1,0,0,0,0,0,1,0,200,500,1e+06,0.65,0.062908,0.12402,0.64771
0,1,1,0,0,0,0,0,1,1,200,500,1e+06,0.65,0.083231,0.12345,0.78833
0,1,1,0,0,0,0,1,0,0,200,500,1e+06,0.65,0.062948,0.12584,0.64185
0,1,1,0,0,0,0,1,0,1,200,500,1e+06,0.65,0.083908,0.16477,0.64844
0,1,1,0,0,0,0,1,1,0,200,500,1e+06,0.65,0.083419,0.16454,0.64648
0,1,1,0,0,0,0,1,1,1,200,500,1e+06,0.65,0.10351,0.16418,0.75317
0,1,1,0,0,0,1,0,0,0,200,500,1e+06,0.65,0.062931,0.1255,0.64258
0,1,1,0,0,0,1,0,0,1,200,500,1e+06,0.65,0.084196,0.16503,0.65234
0,1,1,0,0,0,1,0,1,0,200,500,1e+06,0.65,0.083957,0.16487,0.65088
0,1,1,0,0,0,1,0,1,1,200,500,1e+06,0.65,0.10455,0.16483,0.75781
0,1,1,0,0,0,1,1,0,0,200,500,1e+06,0.65,0.083284,0.12448,0.78221
0,1,1,0,0,0,1,1,0,1,200,500,1e+06,0.65,0.10406,0.16449,0.75635
0,1,1,0,0,0,1,1,1,0,200,500,1e+06,0.65,0.10379,0.16439,0.75391
0,1,1,0,0,0,1,1,1,1,200,500,1e+06,0.65,0.12375,0.16444,0.84668
0,1,1,0,0,1,0,0,0,0,200,500,1e+06,0.65,0.062759,0.12417,0.64648
0,1,1,0,0,1,0,0,0,1,200,500,1e+06,0.65,0.084019,0.16433,0.65039
0,1,1,0,0,1,0,0,1,0,200,500,1e+06,0.65,0.084302,0.16477,0.65234
0,1,1,0,0,1,0,0,1,1,200,500,1e+06,0.65,0.10417,0.16444,0.75586
0,1,1,0,0,1,0,1,0,0,200,500,1e+06,0.65,0.084047,0.16498,0.65021
0,1,1,0,0,1,0,1,0,1,200,500,1e+06,0.65,0.10477,0.20399,0.65381
0,1,1,0,0,1,0,1,1,0,200,500,1e+06,0.65,0.10424,0.20472,0.65234
0,1,1,0,0,1,0,1,1,1,200,500,1e+06,0.65,0.12466,0.20387,0.73926
0,1,1,0,0,1,1,0,0,0,200,500,1e+06,0.65,0.083117,0.16488,0.64453
0,1,1,0,0,1,1,0,0,1,200,500,1e+06,0.65,0.10423,0.20401,0.65283
0,1,1,0,0,1,1,0,1,0,200,500,1e+06,0.65,0.10451,0.20395,0.65234
0,1,1,0,0,1,1,0,1,1,200,500,1e+06,0.65,0.12455,0.20372,0.73828
0,1,1,0,0,1,1,1,0,0,200,500,1e+06,0.65,0.10359,0.16478,0.75391
0,1,1,0,0,1,1,1,0,1,200,500,1e+06,0.65,0.12488,0.20399,0.74023
0,1,1,0,0,1,1,1,1,0,200,500,1e+06,0.65,0.12408,0.20382,0.73627
0,1,1,0,0,1,1,1,1,1,200,500,1e+06,0.65,0.14479,0.20365,0.81689
0,1,1,0,1,0,0,0,0,0,200,500,1e+06,0.65,0.062691,0.12436,0.64603
0,1,1,0,1,0,0,0,0,1,200,500,1e+06,0.65,0.084055,0.16478,0.65234
0,1,1,0,1,0,0,0,1,0,200,500,1e+06,0.65,0.083737,0.16482,0.64868
0,1,1,0,1,0,0,0,1,1,200,500,1e+06,0.65,0.10433,0.16413,0.75781
0,1,1,0,1,0,0,1,0,0,200,500,1e+06,0.65,0.084153,0.1648,0.65137
0,1,1,0,1,0,0,1,0,1,200,500,1e+06,0.65,0.10486,0.20434,0.65381
0,1,1,0,1,0,0,1,1,0,200,500,1e+06,0.65,0.10445,0.20409,0.65234
0,1,1,0,1,0,0,1,1,1,200,500,1e+06,0.65,0.12434,0.20339,0.73727
0,1,1,0,1,0,1,0,0,0,200,500,1e+06,0.65,0.083915,0.1647,0.64998
0,1,1,0,1,0,1,0,0,1,200,500,1e+06,0.65,0.10519,0.20429,0.65558
0,1,1,0,1,0,1,0,1,0,200,500,1e+06,0.65,0.10525,0.20378,0.65625
0,1,1,0,1,0,1,0,1,1,200,500,1e+06,0.65,0.12538,0.20421,0.74023
0,1,1,0,1,0,1,1,0,0,200,500,1e+06,0.65,0.10397,0.16405,0.75781
0,1,1,0,1,0,1,1,0,1,200,500,1e+06,0.65,0.12567,0.20396,0.74219
0,1,1,0,1,0,1,1,1,0,200,500,1e+06,0.65,0.12488,0.20358,0.73828
0,1,1,0,1,0,1,1,1,1,200,500,1e+06,0.65,0.14501,0.20357,0.81641
0,1,1,0,1,1,0,0,0,0,200,500,1e+06,0.65,0.083203,0.12355,0.78906
0,1,1,0,1,1,0,0,0,1,200,500,1e+06,0.65,0.1044,0.16397,0.75781
0,1,1,0,1,1,0,0,1,0,200,500,1e+06,0.65,0.10423,0.1643,0.75684
0,1,1,0,1,1,0,0,1,1,200,500,1e+06,0.65,0.12447,0.1638,0.85132
0,1,1,0,1,1,0,1,0,0,200,500,1e+06,0.65,0.10419,0.16425,0.75684
0,1,1,0,1,1,0,1,0,1,200,500,1e+06,0.65,0.12534,0.2036,0.7417
0,1,1,0,1,1,0,1,1,0,200,500,1e+06,0.65,0.12428,0.20358,0.73755
0,1,1,0,1,1,0,1,1,1,200,500,1e+06,0.65,0.14517,0.20369,0.81787
0,1,1,0,1,1,1,0,0,0,200,500,1e+06,0.65,0.10388,0.16455,0.75586
0,1,1,0,1,1,1,0,0,1,200,500,1e+06,0.65,0.12517,0.20391,0.74023
0,1,1,0,1,1,1,0,1,0,200,500,1e+06,0.65,0.12444,0.20404,0.73877
0,1,1,0,1,1,1,0,1,1,200,500,1e+06,0.65,0.14513,0.20383,0.81738
0,1,1,0,1,1,1,1,0,0,200,500,1e+06,0.65,0.12403,0.16409,0.84717
0,1,1,0,1,1,1,1,0,1,200,500,1e+06,0.65,0.14511,0.204,0.81747
0,1,1,0,1,1,1,1,1,0,200,500,1e+06,0.65,0.14433,0.20358,0.81396
0,1,1,0,1,1,1,1,1,1,200,500,1e+06,0.65,0.16478,0.20388,0.88477
0,1,1,1,0,0,0,0,0,0,200,500,1e+06,0.65,0.062031,0.082866,0.84473
0,1,1,1,0,0,0,0,0,1,200,500,1e+06,0.65,0.083094,0.12329,0.78906
0,1,1,1,0,0,0,0,1,0,200,500,1e+06,0.65,0.083198,0.12347,0.78906
0,1,1,1,0,0,0,0,1,1,200,500,1e+06,0.65,0.10323,0.12268,0.90625
0,1,1,1,0,0,0,1,0,0,200,500,1e+06,0.65,0.083493,0.12507,0.7832
0,1,1,1,0,0,0,1,0,1,200,500,1e+06,0.65,0.10425,0.16409,0.75744
0,1,1,1,0,0,0,1,1,0,200,500,1e+06,0.65,0.10351,0.16403,0.75391
0,1,1,1,0,0,0,1,1,1,200,500,1e+06,0.65,0.12406,0.16409,0.84961
0,1,1,1,0,0,1,0,0,0,200,500,1e+06,0.65,0.083305,0.12497,0.7832
0,1,1,1,0,0,1,0,0,1,200,500,1e+06,0.65,0.10469,0.16487,0.75977
0,1,1,1,0,0,1,0,1,0,200,500,1e+06,0.65,0.10449,0.16429,0.75879
0,1,1,1,0,0,1,0,1,1,200,500,1e+06,0.65,0.1244,0.1638,0.84912
0,1,1,1,0,0,1,1,0,0,200,500,1e+06,0.65,0.1035,0.12438,0.90039
0,1,1,1,0,0,1,1,0,1,200,500,1e+06,0.65,0.12507,0.16376,0.854
0,1,1,1,0,0,1,1,1,0,200,500,1e+06,0.65,0.12378,0.16379,0.84961
0,1,1,1,0,0,1,1,1,1,200,500,1e+06,0.65,0.14426,0.16415,0.93127
0,1,1,1,0,1,0,0,0,0,200,500,1e+06,0.65,0.08331,0.12403,0.78906
0,1,1,1,0,1,0,0,0,1,200,500,1e+06,0.65,0.10433,0.16426,0.75745
0,1,1,1,0,1,0,0,1,0,200,500,1e+06,0.65,0.10448,0.16456,0.75684
0,1,1,1,0,1,0,0,1,1,200,500,1e+06,0.65,0.12472,0.16439,0.85144
0,1,1,1,0,1,0,1,0,0,200,500,1e+06,0.65,0.10402,0.16429,0.75586
0,1,1,1,0,1,0,1,0,1,200,500,1e+06,0.65,0.12574,0.20407,0.74414
0,1,1,1,0,1,0,1,1,0,200,500,1e+06,0.65,0.12491,0.20383,0.74048
0,1,1,1,0,1,0,1,1,1,200,500,1e+06,0.65,0.14501,0.20389,0.81787
0,1,1,1,0,1,1,0,0,0,200,500,1e+06,0.65,0.10369,0.16445,0.75439
0,1,1,1,0,1,1,0,0,1,200,500,1e+06,0.65,0.1247,0.20363,0.73926
0,1,1,1,0,1,1,0,1,0,200,500,1e+06,0.65,0.12467,0.2034,0.73926
0,1,1,1,0,1,1,0,1,1,200,500,1e+06,0.65,0.14543,0.20335,0.81836
0,1,1,1,0,1,1,1,0,0,200,500,1e+06,0.65,0.12439,0.16423,0.85034
0,1,1,1,0,1,1,1,0,1,200,500,1e+06,0.65,0.14479,0.20389,0.81689
0,1,1,1,0,1,1,1,1,0,200,500,1e+06,0.65,0.14429,0.20357,0.81445
0,1,1,1,0,1,1,1,1,1,200,500,1e+06,0.65,0.16466,0.20355,0.88458
0,1,1,1,1,0,0,0,0,0,200,500,1e+06,0.65,0.082455,0.12387,0.78125
0,1,1,1,1,0,0,0,0,1,200,500,1e+06,0.65,0.10317,0.16484,0.75195
0,1,1,1,1,0,0,0,1,0,200,500,1e+06,0.65,0.1035,0.16429,0.75269
0,1,1,1,1,0,0,0,1,1,200,500,1e+06,0.65,0.12383,0.16395,0.84741
0,1,1,1,1,0,0,1,0,0,200,500,1e+06,0.65,0.10372,0.16438,0.75342
0,1,1,1,1,0,0,1,0,1,200,500,1e+06,0.65,0.12489,0.20392,0.74023
0,1,1,1,1,0,0,1,1,0,200,500,1e+06,0.65,0.1236,0.20381,0.73389
0,1,1,1,1,0,0,1,1,1,200,500,1e+06,0.65,0.14416,0.20297,0.81445
0,1,1,1,1,0,1,0,0,0,200,500,1e+06,0.65,0.10362,0.16434,0.75293
0,1,1,1,1,0,1,0,0,1,200,500,1e+06,0.65,0.12476,0.20368,0.73877
0,1,1,1,1,0,1,0,1,0,200,500,1e+06,0.65,0.12456,0.20376,0.73888
0,1,1,1,1,0,1,0,1,1,200,500,1e+06,0.65,0.14484,0.20366,0.81738
0,1,1,1,1,0,1,1,0,0,200,500,1e+06,0.65,0.12386,0.164,0.84756
0,1,1,1,1,0,1,1,0,1,200,500,1e+06,0.65,0.14557,0.20345,0.81906
0,1,1,1,1,0,1,1,1,0,200,500,1e+06,0.65,0.14438,0.20354,0.81487
0,1,1,1,1,0,1,1,1,1,200,500,1e+06,0.65,0.16464,0.20371,0.88281
0,1,1,1,1,1,0,0,0,0,200,500,1e+06,0.65,0.10283,0.12357,0.90039
0,1,1,1,1,1,0,0,0,1,200,500,1e+06,0.65,0.12365,0.1645,0.84644
0,1,1,1,1,1,0,0,1,0,200,500,1e+06,0.65,0.1245,0.16505,0.84961
0,1,1,1,1,1,0,0,1,1,200,500,1e+06,0.65,0.14445,0.16391,0.93066
0,1,1,1,1,1,0,1,0,0,200,500,1e+06,0.65,0.12368,0.16438,0.84552
0,1,1,1,1,1,0,1,0,1,200,500,1e+06,0.65,0.14533,0.20391,0.81781
0,1,1,1,1,1,0,1,1,0,200,500,1e+06,0.65,0.14424,0.2039,0.81348
0,1,1,1,1,1,0,1,1,1,200,500,1e+06,0.65,0.16458,0.20363,0.88477
0,1,1,1,1,1,1,0,0,0,200,500,1e+06,0.65,0.12319,0.16471,0.84375
0,1,1,1,1,1,1,0,0,1,200,500,1e+06,0.65,0.14472,0.20406,0.81445
0,1,1,1,1,1,1,0,1,0,200,500,1e+06,0.65,0.14468,0.20414,0.81543
0,1,1,1,1,1,1,0,1,1,200,500,1e+06,0.65,0.16513,0.20334,0.88672
0,1,1,1,1,1,1,1,0,0,200,500,1e+06,0.65,0.14341,0.16399,0.92676
0,1,1,1,1,1,1,1,0,1,200,500,1e+06,0.65,0.16432,0.20384,0.88281
0,1,1,1,1,1,1,1,1,0,200,500,1e+06,0.65,0.16457,0.20363,0.88379
0,1,1,1,1,1,1,1,1,1,200,500,1e+06,0.65,0.18395,0.2034,0.94437
1,0,0,0,0,0,0,0,0,0,200,500,1e+06,0.65,0.021158,0.042533,0.64063
1,0,0,0,0,0,0,0,0,1,200,500,1e+06,0.65,0.041552,0.082829,0.64063
1,0,0,0,0,0,0,0,1,0,200,500,1e+06,0.65,0.042201,0.082938,0.64844
1,0,0,0,0,0,0,0,1,1,200,500,1e+06,0.65,0.06193,0.082582,0.84375
1,0,0,0,0,0,0,1,0,0,200,500,1e+06,0.65,0.042079,0.085084,0.63672
1,0,0,0,0,0,0,1,0,1,200,500,1e+06,0.65,0.062695,0.12418,0.64453
1,0,0,0,0,0,0,1,1,0,200,500,1e+06,0.65,0.062686,0.12395,0.64648
1,0,0,0,0,0,0,1,1,1,200,500,1e+06,0.65,0.082294,0.12356,0.78198
1,0,0,0,0,0,1,0,0,0,200,500,1e+06,0.65,0.042496,0.084687,0.6405
1,0,0,0,0,0,1,0,0,1,200,500,1e+06,0.65,0.063097,0.12382,0.64844
1,0,0,0,0,0,1,0,1,0,200,500,1e+06,0.65,0.063576,0.12378,0.65234
1,0,0,0,0,0,1,0,1,1,200,500,1e+06,0.65,0.083197,0.12373,0.78589
1,0,0,0,0,0,1,1,0,0,200,500,1e+06,0.65,0.062805,0.083913,0.84375
1,0,0,0,0,0,1,1,0,1,200,500,1e+06,0.65,0.083045,0.12375,0.78711
1,0,0,0,0,0,1,1,1,0,200,500,1e+06,0.65,0.08333,0.12375,0.78809
1,0,0,0,0,0,1,1,1,1,200,500,1e+06,0.65,0.10256,0.12389,0.89941
1,0,0,0,0,1,0,0,0,0,200,500,1e+06,0.65,0.042484,0.08487,0.6416
1,0,0,0,0,1,0,0,0,1,200,500,1e+06,0.65,0.062757,0.12492,0.64063
1,0,0,0,0,1,0,0,1,0,200,500,1e+06,0.65,0.063651,0.1257,0.64844
1,0,0,0,0,1,0,0,1,1,200,500,1e+06,0.65,0.083085,0.12515,0.78125
1,0,0,0,0,1,0,1,0,0,200,500,1e+06,0.65,0.063381,0.12518,0.646
1,0,0,0,0,1,0,1,0,1,200,500,1e+06,0.65,0.084197,0.16467,0.65234
1,0,0,0,0,1,0,1,1,0,200,500,1e+06,0.65,0.083983,0.16474,0.65039
1,0,0,0,0,1,0,1,1,1,200,500,1e+06,0.65,0.10361,0.16485,0.75391
1,0,0,0,0,1,1,0,0,0,200,500,1e+06,0.65,0.062823,0.12524,0.64063
1,0,0,0,0,1,1,0,0,1,200,500,1e+06,0.65,0.083267,0.16502,0.64575
1,0,0,0,0,1,1,0,1,0,200,500,1e+06,0.65,0.083816,0.16419,0.6499
1,0,0,0,0,1,1,0,1,1,200,500,1e+06,0.65,0.1034,0.16473,0.75269
1,0,0,0,0,1,1,1,0,0,200,500,1e+06,0.65,0.083213,0.12454,0.78223
1,0,0,0,0,1,1,1,0,1,200,500,1e+06,0.65,0.10364,0.16427,0.75195
1,0,0,0,0,1,1,1,1,0,200,500,1e+06,0.65,0.1034,0.16445,0.75391
1,0,0,0,0,1,1,1,1,1,200,500,1e+06,0.65,0.1234,0.16441,0.84473
1,0,0,0,1,0,0,0,0,0,200,500,1e+06,0.65,0.042323,0.084906,0.6405
1,0,0,0,1,0,0,0,0,1,200,500,1e+06,0.65,0.063144,0.12557,0.64258
1,0,0,0,1,0,0,0,1,0,200,500,1e+06,0.65,0.063432,0.12519,0.646
1,0,0,0,1,0,0,0,1,1,200,500,1e+06,0.65,0.083116,0.1251,0.78125
1,0,0,0,1,0,0,1,0,0,200,500,1e+06,0.65,0.06365,0.12519,0.64844
1,0,0,0,1,0,0,1,0,1,200,500,1e+06,0.65,0.083737,0.16469,0.64893
1,0,0,0,1,0,0,1,1,0,200,500,1e+06,0.65,0.084422,0.16471,0.65271
1,0,0,0,1,0,0,1,1,1,200,500,1e+06,0.65,0.10359,0.16411,0.75488
1,0,0,0,1,0,1,0,0,0,200,500,1e+06,0.65,0.063529,0.12541,0.64746
1,0,0,0,1,0,1,0,0,1,200,500,1e+06,0.65,0.083948,0.16452,0.64844
1,0,0,0,1,0,1,0,1,0,200,500,1e+06,0.65,0.084873,0.16522,0.65625
1,0,0,0,1,0,1,0,1,1,200,500,1e+06,0.65,0.10406,0.16447,0.75601
1,0,0,0,1,0,1,1,0,0,200,500,1e+06,0.65,0.08416,0.12496,0.78906
1,0,0,0,1,0,1,1,0,1,200,500,1e+06,0.65,0.10437,0.16476,0.75806
1,0,0,0,1,0,1,1,1,0,200,500,1e+06,0.65,0.10385,0.16457,0.75488
1,0,0,0,1,0,1,1,1,1,200,500,1e+06,0.65,0.12402,0.16439,0.84766
1,0,0,0,1,1,0,0,0,0,200,500,1e+06,0.65,0.062924,0.084035,0.84399
1,0,0,0,1,1,0,0,0,1,200,500,1e+06,0.65,0.083054,0.12505,0.78271
1,0,0,0,1,1,0,0,1,0,200,500,1e+06,0.65,0.083997,0.12502,0.78906
1,0,0,0,1,1,0,0,1,1,200,500,1e+06,0.65,0.1038,0.12423,0.90283
1,0,0,0,1,1,0,1,0,0,200,500,1e+06,0.65,0.083884,0.12532,0.78564
1,0,0,0,1,1,0,1,0,1,200,500,1e+06,0.65,0.10411,0.16416,0.75781
1,0,0,0,1,1,0,1,1,0,200,500,1e+06,0.65,0.1046,0.16425,0.75879
1,0,0,0,1,1,0,1,1,1,200,500,1e+06,0.65,0.1238,0.164,0.84668
1,0,0,0,1,1,1,0,0,0,200,500,1e+06,0.65,0.082769,0.12498,0.77881
1,0,0,0,1,1,1,0,0,1,200,500,1e+06,0.65,0.10354,0.16386,0.75391
1,0,0,0,1,1,1,0,1,0,200,500,1e+06,0.65,0.10443,0.16439,0.75781
1,0,0,0,1,1,1,0,1,1,200,500,1e+06,0.65,0.12433,0.1639,0.84985
1,0,0,0,1,1,1,1,0,0,200,500,1e+06,0.65,0.10382,0.12502,0.90039
1,0,0,0,1,1,1,1,0,1,200,500,1e+06,0.65,0.12406,0.16449,0.8479
1,0,0,0,1,1,1,1,1,0,200,500,1e+06,0.65,0.12417,0.16454,0.84863
1,0,0,0,1,1,1,1,1,1,200,500,1e+06,0.65,0.14334,0.16408,0.92565
1,0,0,1,0,0,0,0,0,0,200,500,1e+06,0.65,0.042457,0.08329,0.65039
1,0,0,1,0,0,0,0,0,1,200,500,1e+06,0.65,0.063004,0.1238,0.64844
1,0,0,1,0,0,0,0,1,0,200,500,1e+06,0.65,0.063604,0.12402,0.65332
1,0,0,1,0,0,0,0,1,1,200,500,1e+06,0.65,0.083353,0.12343,0.78857
1,0,0,1,0,0,0,1,0,0,200,500,1e+06,0.65,0.063487,0.12531,0.64673
1,0,0,1,0,0,0,1,0,1,200,500,1e+06,0.65,0.08452,0.16457,0.65344
1,0,0,1,0,0,0,1,1,0,200,500,1e+06,0.65,0.084095,0.1648,0.65088
1,0,0,1,0,0,0,1,1,1,200,500,1e+06,0.65,0.10341,0.16453,0.75293
1,0,0,1,0,0,1,0,0,0,200,500,1e+06,0.65,0.063708,0.1251,0.64795
1,0,0,1,0,0,1,0,0,1,200,500,1e+06,0.65,0.083845,0.16472,0.64893
1,0,0,1,0,0,1,0,1,0,200,500,1e+06,0.65,0.08412,0.1652,0.65234
1,0,0,1,0,0,1,0,1,1,200,500,1e+06,0.65,0.10454,0.1647,0.75781
1,0,0,1,0,0,1,1,0,0,200,500,1e+06,0.65,0.084148,0.12491,0.79004
1,0,0,1,0,0,1,1,0,1,200,500,1e+06,0.65,0.10419,0.16371,0.75684
1,0,0,1,0,0,1,1,1,0,200,500,1e+06,0.65,0.1045,0.16435,0.75903
1,0,0,1,0,0,1,1,1,1,200,500,1e+06,0.65,0.12387,0.16415,0.84766
1,0,0,1,0,1,0,0,0,0,200,500,1e+06,0.65,0.063473,0.12416,0.65137
1,0,0,1,0,1,0,0,0,1,200,500,1e+06,0.65,0.08394,0.16449,0.65039
1,0,0,1,0,1,0,0,1,0,200,500,1e+06,0.65,0.084772,0.16489,0.65527
1,0,0,1,0,1,0,0,1,1,200,500,1e+06,0.65,0.10415,0.16425,0.75586
1,0,0,1,0,1,0,1,0,0,200,500,1e+06,0.65,0.084575,0.16419,0.65283
1,0,0,1,0,1,0,1,0,1,200,500,1e+06,0.65,0.1053,0.20424,0.65625
1,0,0,1,0,1,0,1,1,0,200,500,1e+06,0.65,0.10526,0.20349,0.65527
1,0,0,1,0,1,0,1,1,1,200,500,1e+06,0.65,0.12459,0.20439,0.73877
1,0,0,1,0,1,1,0,0,0,200,500,1e+06,0.65,0.084196,0.16439,0.65137
1,0,0,1,0,1,1,0,0,1,200,500,1e+06,0.65,0.10446,0.2038,0.6524
1,0,0,1,0,1,1,0,1,0,200,500,1e+06,0.65,0.10518,0.20405,0.65576
1,0,0,1,0,1,1,0,1,1,200,500,1e+06,0.65,0.12447,0.20376,0.73828
1,0,0,1,0,1,1,1,0,0,200,500,1e+06,0.65,0.10455,0.16449,0.75879
1,0,0,1,0,1,1,1,0,1,200,500,1e+06,0.65,0.1244,0.20434,0.73682
1,0,0,1,0,1,1,1,1,0,200,500,1e+06,0.65,0.12475,0.20394,0.73926
1,0,0,1,0,1,1,1,1,1,200,500,1e+06,0.65,0.14437,0.20402,0.81445
1,0,0,1,1,0,0,0,0,0,200,500,1e+06,0.65,0.062408,0.12439,0.64258
1,0,0,1,1,0,0,0,0,1,200,500,1e+06,0.65,0.08326,0.1646,0.64697
1,0,0,1,1,0,0,0,1,0,200,500,1e+06,0.65,0.084017,0.16495,0.65137
1,0,0,1,1,0,0,0,1,1,200,500,1e+06,0.65,0.10353,0.16449,0.75391
1,0,0,1,1,0,0,1,0,0,200,500,1e+06,0.65,0.084328,0.16481,0.65332
1,0,0,1,1,0,0,1,0,1,200,500,1e+06,0.65,0.10447,0.20345,0.65234
1,0,0,1,1,0,0,1,1,0,200,500,1e+06,0.65,0.10406,0.20406,0.65039
1,0,0,1,1,0,0,1,1,1,200,500,1e+06,0.65,0.12343,0.20326,0.73389
1,0,0,1,1,0,1,0,0,0,200,500,1e+06,0.65,0.084234,0.16487,0.65237
1,0,0,1,1,0,1,0,0,1,200,500,1e+06,0.65,0.10403,0.20352,0.65079
1,0,0,1,1,0,1,0,1,0,200,500,1e+06,0.65,0.105,0.2044,0.65527
1,0,0,1,1,0,1,0,1,1,200,500,1e+06,0.65,0.12439,0.20403,0.73828
1,0,0,1,1,0,1,1,0,0,200,500,1e+06,0.65,0.1046,0.16436,0.76025
1,0,0,1,1,0,1,1,0,1,200,500,1e+06,0.65,0.12476,0.20406,0.74023
1,0,0,1,1,0,1,1,1,0,200,500,1e+06,0.65,0.1247,0.20421,0.74023
1,0,0,1,1,0,1,1,1,1,200,500,1e+06,0.65,0.14413,0.2034,0.8125
1,0,0,1,1,1,0,0,0,0,200,500,1e+06,0.65,0.083269,0.12376,0.78906
1,0,0,1,1,1,0,0,0,1,200,500,1e+06,0.65,0.10338,0.16456,0.75391
1,0,0,1,1,1,0,0,1,0,200,500,1e+06,0.65,0.10396,0.16432,0.75635
1,0,0,1,1,1,0,0,1,1,200,500,1e+06,0.65,0.12392,0.16399,0.84961
1,0,0,1,1,1,0,1,0,0,200,500,1e+06,0.65,0.10468,0.16442,0.75781
1,0,0,1,1,1,0,1,0,1,200,500,1e+06,0.65,0.12502,0.20422,0.74023
1,0,0,1,1,1,0,1,1,0,200,500,1e+06,0.65,0.12464,0.20391,0.73816
1,0,0,1,1,1,0,1,1,1,200,500,1e+06,0.65,0.14471,0.20316,0.81561
1,0,0,1,1,1,1,0,0,0,200,500,1e+06,0.65,0.10357,0.1648,0.75391
1,0,0,1,1,1,1,0,0,1,200,500,1e+06,0.65,0.12384,0.20427,0.73535
1,0,0,1,1,1,1,0,1,0,200,500,1e+06,0.65,0.12461,0.20371,0.73828
1,0,0,1,1,1,1,0,1,1,200,500,1e+06,0.65,0.14413,0.20362,0.81445
1,0,0,1,1,1,1,1,0,0,200,500,1e+06,0.65,0.12361,0.16388,0.84692
1,0,0,1,1,1,1,1,0,1,200,500,1e+06,0.65,0.14461,0.20399,0.8125
1,0,0,1,1,1,1,1,1,0,200,500,1e+06,0.65,0.14455,0.20412,0.81543
1,0,0,1,1,1,1,1,1,1,200,500,1e+06,0.65,0.16442,0.20394,0.88379
1,0,1,0,0,0,0,0,0,0,200,500,1e+06,0.65,0.042344,0.083236,0.64941
1,0,1,0,0,0,0,0,0,1,200,500,1e+06,0.65,0.062976,0.12405,0.64844
1,0,1,0,0,0,0,0,1,0,200,500,1e+06,0.65,0.063503,0.12453,0.65234
1,0,1,0,0,0,0,0,1,1,200,500,1e+06,0.65,0.08314,0.12309,0.78809
1,0,1,0,0,0,0,1,0,0,200,500,1e+06,0.65,0.063782,0.12547,0.64746
1,0,1,0,0,0,0,1,0,1,200,500,1e+06,0.65,0.083719,0.16487,0.64844
1,0,1,0,0,0,0,1,1,0,200,500,1e+06,0.65,0.083989,0.16437,0.65015
1,0,1,0,0,0,0,1,1,1,200,500,1e+06,0.65,0.10369,0.16454,0.75366
1,0,1,0,0,0,1,0,0,0,200,500,1e+06,0.65,0.063392,0.12546,0.64453
1,0,1,0,0,0,1,0,0,1,200,500,1e+06,0.65,0.084218,0.16513,0.65039
1,0,1,0,0,0,1,0,1,0,200,500,1e+06,0.65,0.084879,0.16457,0.65576
1,0,1,0,0,0,1,0,1,1,200,500,1e+06,0.65,0.10393,0.16489,0.75391
1,0,1,0,0,0,1,1,0,0,200,500,1e+06,0.65,0.084163,0.12444,0.78809
1,0,1,0,0,0,1,1,0,1,200,500,1e+06,0.65,0.104,0.16443,0.75684
1,0,1,0,0,0,1,1,1,0,200,500,1e+06,0.65,0.10439,0.16402,0.75879
1,0,1,0,0,0,1,1,1,1,200,500,1e+06,0.65,0.12399,0.16443,0.84863
1,0,1,0,0,1,0,0,0,0,200,500,1e+06,0.65,0.063506,0.12391,0.6521
1,0,1,0,0,1,0,0,0,1,200,500,1e+06,0.65,0.084169,0.16462,0.65038
1,0,1,0,0,1,0,0,1,0,200,500,1e+06,0.65,0.084513,0.16498,0.65332
1,0,1,0,0,1,0,0,1,1,200,500,1e+06,0.65,0.10478,0.16427,0.76025
1,0,1,0,0,1,0,1,0,0,200,500,1e+06,0.65,0.084448,0.16502,0.65234
1,0,1,0,0,1,0,1,0,1,200,500,1e+06,0.65,0.10477,0.20441,0.6543
1,0,1,0,0,1,0,1,1,0,200,500,1e+06,0.65,0.10514,0.20391,0.65527
1,0,1,0,0,1,0,1,1,1,200,500,1e+06,0.65,0.12477,0.20386,0.74024
1,0,1,0,0,1,1,0,0,0,200,500,1e+06,0.65,0.084237,0.16496,0.65186
1,0,1,0,0,1,1,0,0,1,200,500,1e+06,0.65,0.10457,0.20415,0.65332
1,0,1,0,0,1,1,0,1,0,200,500,1e+06,0.65,0.10502,0.20436,0.65425
1,0,1,0,0,1,1,0,1,1,200,500,1e+06,0.65,0.12487,0.20391,0.73993
1,0,1,0,0,1,1,1,0,0,200,500,1e+06,0.65,0.10431,0.16426,0.75732
1,0,1,0,0,1,1,1,0,1,200,500,1e+06,0.65,0.12481,0.2041,0.74023
1,0,1,0,0,1,1,1,1,0,200,500,1e+06,0.65,0.12472,0.20406,0.74023
1,0,1,0,0,1,1,1,1,1,200,500,1e+06,0.65,0.14424,0.20368,0.81348
1,0,1,0,1,0,0,0,0,0,200,500,1e+06,0.65,0.06349,0.124,0.65112
1,0,1,0,1,0,0,0,0,1,200,500,1e+06,0.65,0.084133,0.16463,0.65038
1,0,1,0,1,0,0,0,1,0,200,500,1e+06,0.65,0.084662,0.16475,0.6543
1,0,1,0,1,0,0,0,1,1,200,500,1e+06,0.65,0.10439,0.16442,0.75781
1,0,1,0,1,0,0,1,0,0,200,500,1e+06,0.65,0.084563,0.16484,0.6539
1,0,1,0,1,0,0,1,0,1,200,500,1e+06,0.65,0.10483,0.20423,0.65381
1,0,1,0,1,0,0,1,1,0,200,500,1e+06,0.65,0.10509,0.20434,0.65601
1,0,1,0,1,0,0,1,1,1,200,500,1e+06,0.65,0.12497,0.20432,0.74023
1,0,1,0,1,0,1,0,0,0,200,500,1e+06,0.65,0.084851,0.16501,0.65503
1,0,1,0,1,0,1,0,0,1,200,500,1e+06,0.65,0.10499,0.20414,0.65503
1,0,1,0,1,0,1,0,1,0,200,500,1e+06,0.65,0.10613,0.20402,0.66016
1,0,1,0,1,0,1,0,1,1,200,500,1e+06,0.65,0.12539,0.2044,0.74121
1,0,1,0,1,0,1,1,0,0,200,500,1e+06,0.65,0.10509,0.16432,0.76172
1,0,1,0,1,0,1,1,0,1,200,500,1e+06,0.65,0.12571,0.20402,0.74219
1,0,1,0,1,0,1,1,1,0,200,500,1e+06,0.65,0.12543,0.20412,0.74146
1,0,1,0,1,0,1,1,1,1,200,500,1e+06,0.65,0.14525,0.20383,0.81641
1,0,1,0,1,1,0,0,0,0,200,500,1e+06,0.65,0.083824,0.12328,0.79297
1,0,1,0,1,1,0,0,0,1,200,500,1e+06,0.65,0.10391,0.16437,0.75488
1,0,1,0,1,1,0,0,1,0,200,500,1e+06,0.65,0.10536,0.16421,0.76367
1,0,1,0,1,1,0,0,1,1,200,500,1e+06,0.65,0.12458,0.16363,0.85156
1,0,1,0,1,1,0,1,0,0,200,500,1e+06,0.65,0.1049,0.16449,0.75977
1,0,1,0,1,1,0,1,0,1,200,500,1e+06,0.65,0.1255,0.20401,0.74316
1,0,1,0,1,1,0,1,1,0,200,500,1e+06,0.65,0.12518,0.20403,0.74023
1,0,1,0,1,1,0,1,1,1,200,500,1e+06,0.65,0.14477,0.20381,0.81641
1,0,1,0,1,1,1,0,0,0,200,500,1e+06,0.65,0.10408,0.16444,0.75586
1,0,1,0,1,1,1,0,0,1,200,500,1e+06,0.65,0.12487,0.20391,0.74026
1,0,1,0,1,1,1,0,1,0,200,500,1e+06,0.65,0.12535,0.20398,0.7417
1,0,1,0,1,1,1,0,1,1,200,500,1e+06,0.65,0.14524,0.20347,0.81738
1,0,1,0,1,1,1,1,0,0,200,500,1e+06,0.65,0.12468,0.16435,0.85156
1,0,1,0,1,1,1,1,0,1,200,500,1e+06,0.65,0.14519,0.2036,0.81738
1,0,1,0,1,1,1,1,1,0,200,500,1e+06,0.65,0.14521,0.20334,0.81836
1,0,1,0,1,1,1,1,1,1,200,500,1e+06,0.65,0.16488,0.20368,0.88489
1,0,1,1,0,0,0,0,0,0,200,500,1e+06,0.65,0.062863,0.082814,0.85156
1,0,1,1,0,0,0,0,0,1,200,500,1e+06,0.65,0.083514,0.12321,0.78906
1,0,1,1,0,0,0,0,1,0,200,500,1e+06,0.65,0.083688,0.12339,0.79297
1,0,1,1,0,0,0,0,1,1,200,500,1e+06,0.65,0.1038,0.123,0.9082
1,0,1,1,0,0,0,1,0,0,200,500,1e+06,0.65,0.084016,0.1251,0.78711
1,0,1,1,0,0,0,1,0,1,200,500,1e+06,0.65,0.10419,0.16442,0.75684
1,0,1,1,0,0,0,1,1,0,200,500,1e+06,0.65,0.10456,0.1644,0.7594
1,0,1,1,0,0,0,1,1,1,200,500,1e+06,0.65,0.12381,0.16381,0.84766
1,0,1,1,0,0,1,0,0,0,200,500,1e+06,0.65,0.083873,0.12494,0.78906
1,0,1,1,0,0,1,0,0,1,200,500,1e+06,0.65,0.1041,0.16396,0.75781
1,0,1,1,0,0,1,0,1,0,200,500,1e+06,0.65,0.10521,0.16418,0.76172
1,0,1,1,0,0,1,0,1,1,200,500,1e+06,0.65,0.1246,0.16432,0.85107
1,0,1,1,0,0,1,1,0,0,200,500,1e+06,0.65,0.10431,0.12462,0.90462
1,0,1,1,0,0,1,1,0,1,200,500,1e+06,0.65,0.12469,0.16361,0.85242
1,0,1,1,0,0,1,1,1,0,200,500,1e+06,0.65,0.12443,0.16388,0.85156
1,0,1,1,0,0,1,1,1,1,200,500,1e+06,0.65,0.14447,0.16373,0.93063
1,0,1,1,0,1,0,0,0,0,200,500,1e+06,0.65,0.084062,0.12353,0.79309
1,0,1,1,0,1,0,0,0,1,200,500,1e+06,0.65,0.10438,0.16476,0.75977
1,0,1,1,0,1,0,0,1,0,200,500,1e+06,0.65,0.10511,0.16512,0.76172
1,0,1,1,0,1,0,0,1,1,200,500,1e+06,0.65,0.12472,0.16431,0.85181
1,0,1,1,0,1,0,1,0,0,200,500,1e+06,0.65,0.10501,0.16456,0.76074
1,0,1,1,0,1,0,1,0,1,200,500,1e+06,0.65,0.12574,0.20343,0.74316
1,0,1,1,0,1,0,1,1,0,200,500,1e+06,0.65,0.12531,0.20423,0.74219
1,0,1,1,0,1,0,1,1,1,200,500,1e+06,0.65,0.14524,0.20399,0.81836
1,0,1,1,0,1,1,0,0,0,200,500,1e+06,0.65,0.10419,0.16475,0.75586
1,0,1,1,0,1,1,0,0,1,200,500,1e+06,0.65,0.12444,0.20343,0.73828
1,0,1,1,0,1,1,0,1,0,200,500,1e+06,0.65,0.12551,0.20381,0.74268
1,0,1,1,0,1,1,0,1,1,200,500,1e+06,0.65,0.14509,0.20355,0.81738
1,0,1,1,0,1,1,1,0,0,200,500,1e+06,0.65,0.12449,0.16407,0.85059
1,0,1,1,0,1,1,1,0,1,200,500,1e+06,0.65,0.14538,0.20381,0.81836
1,0,1,1,0,1,1,1,1,0,200,500,1e+06,0.65,0.14508,0.2036,0.81738
1,0,1,1,0,1,1,1,1,1,200,500,1e+06,0.65,0.16458,0.20366,0.88379
1,0,1,1,1,0,0,0,0,0,200,500,1e+06,0.65,0.083093,0.12397,0.78516
1,0,1,1,1,0,0,0,0,1,200,500,1e+06,0.65,0.10355,0.16411,0.75195
1,0,1,1,1,0,0,0,1,0,200,500,1e+06,0.65,0.10441,0.16454,0.75781
1,0,1,1,1,0,0,0,1,1,200,500,1e+06,0.65,0.12385,0.16399,0.84768
1,0,1,1,1,0,0,1,0,0,200,500,1e+06,0.65,0.10423,0.16477,0.75659
1,0,1,1,1,0,0,1,0,1,200,500,1e+06,0.65,0.12484,0.20375,0.73828
1,0,1,1,1,0,0,1,1,0,200,500,1e+06,0.65,0.12467,0.20438,0.73926
1,0,1,1,1,0,0,1,1,1,200,500,1e+06,0.65,0.14416,0.204,0.81348
1,0,1,1,1,0,1,0,0,0,200,500,1e+06,0.65,0.10422,0.16451,0.75684
1,0,1,1,1,0,1,0,0,1,200,500,1e+06,0.65,0.12466,0.20366,0.73926
1,0,1,1,1,0,1,0,1,0,200,500,1e+06,0.65,0.12549,0.20424,0.74203
1,0,1,1,1,0,1,0,1,1,200,500,1e+06,0.65,0.1453,0.20443,0.81836
1,0,1,1,1,0,1,1,0,0,200,500,1e+06,0.65,0.12465,0.16418,0.85097
1,0,1,1,1,0,1,1,0,1,200,500,1e+06,0.65,0.1449,0.20412,0.81592
1,0,1,1,1,0,1,1,1,0,200,500,1e+06,0.65,0.14536,0.20362,0.81738
1,0,1,1,1,0,1,1,1,1,200,500,1e+06,0.65,0.16504,0.20334,0.88629
1,0,1,1,1,1,0,0,0,0,200,500,1e+06,0.65,0.1035,0.12332,0.90625
1,0,1,1,1,1,0,0,0,1,200,500,1e+06,0.65,0.12408,0.16402,0.84766
1,0,1,1,1,1,0,0,1,0,200,500,1e+06,0.65,0.12468,0.16434,0.85156
1,0,1,1,1,1,0,0,1,1,200,500,1e+06,0.65,0.14424,0.16372,0.92969
1,0,1,1,1,1,0,1,0,0,200,500,1e+06,0.65,0.1248,0.16454,0.85156
1,0,1,1,1,1,0,1,0,1,200,500,1e+06,0.65,0.14566,0.20358,0.81982
1,0,1,1,1,1,0,1,1,0,200,500,1e+06,0.65,0.1451,0.20428,0.81738
1,0,1,1,1,1,0,1,1,1,200,500,1e+06,0.65,0.16494,0.20424,0.88672
1,0,1,1,1,1,1,0,0,0,200,500,1e+06,0.65,0.12381,0.16443,0.8457
1,0,1,1,1,1,1,0,0,1,200,500,1e+06,0.65,0.14415,0.2036,0.81445
1,0,1,1,1,1,1,0,1,0,200,500,1e+06,0.65,0.14506,0.20371,0.81631
1,0,1,1,1,1,1,0,1,1,200,500,1e+06,0.65,0.16485,0.20329,0.88568
1,0,1,1,1,1,1,1,0,0,200,500,1e+06,0.65,0.14436,0.16411,0.93018
1,0,1,1,1,1,1,1,0,1,200,500,1e+06,0.65,0.16514,0.20391,0.88574
1,0,1,1,1,1,1,1,1,0,200,500,1e+06,0.65,0.16485,0.20387,0.88379
1,0,1,1,1,1,1,1,1,1,200,500,1e+06,0.65,0.18467,0.20375,0.94531
1,1,0,0,0,0,0,0,0,0,200,500,1e+06,0.65,0.041368,0.04197,0.99609
1,1,0,0,0,0,0,0,0,1,200,500,1e+06,0.65,0.061875,0.082792,0.83984
1,1,0,0,0,0,0,0,1,0,200,500,1e+06,0.65,0.062743,0.082712,0.84991
1,1,0,0,0,0,0,0,1,1,200,500,1e+06,0.65,0.082571,0.082517,1
1,1,0,0,0,0,0,1,0,0,200,500,1e+06,0.65,0.063103,0.084056,0.84422
1,1,0,0,0,0,0,1,0,1,200,500,1e+06,0.65,0.082741,0.12322,0.78564
1,1,0,0,0,0,0,1,1,0,200,500,1e+06,0.65,0.083008,0.12355,0.78711
1,1,0,0,0,0,0,1,1,1,200,500,1e+06,0.65,0.10316,0.1237,0.90234
1,1,0,0,0,0,1,0,0,0,200,500,1e+06,0.65,0.062529,0.08404,0.83984
1,1,0,0,0,0,1,0,0,1,200,500,1e+06,0.65,0.083127,0.1233,0.78809
1,1,0,0,0,0,1,0,1,0,200,500,1e+06,0.65,0.084092,0.12379,0.79346
1,1,0,0,0,0,1,0,1,1,200,500,1e+06,0.65,0.10338,0.12326,0.90234
1,1,0,0,0,0,1,1,0,0,200,500,1e+06,0.65,0.083514,0.08345,1
1,1,0,0,0,0,1,1,0,1,200,500,1e+06,0.65,0.10343,0.12292,0.90625
1,1,0,0,0,0,1,1,1,0,200,500,1e+06,0.65,0.10367,0.12282,0.90625
1,1,0,0,0,0,1,1,1,1,200,500,1e+06,0.65,0.12323,0.12294,1.001
1,1,0,0,0,1,0,0,0,0,200,500,1e+06,0.65,0.062869,0.083772,0.8457
1,1,0,0,0,1,0,0,0,1,200,500,1e+06,0.65,0.083582,0.12508,0.7854
1,1,0,0,0,1,0,0,1,0,200,500,1e+06,0.65,0.083865,0.12514,0.78613
1,1,0,0,0,1,0,0,1,1,200,500,1e+06,0.65,0.10353,0.12451,0.89844
1,1,0,0,0,1,0,1,0,0,200,500,1e+06,0.65,0.083839,0.12459,0.78516
1,1,0,0,0,1,0,1,0,1,200,500,1e+06,0.65,0.10463,0.1645,0.75977
1,1,0,0,0,1,0,1,1,0,200,500,1e+06,0.65,0.10445,0.16393,0.75779
1,1,0,0,0,1,0,1,1,1,200,500,1e+06,0.65,0.12407,0.16459,0.84843
1,1,0,0,0,1,1,0,0,0,200,500,1e+06,0.65,0.082935,0.12432,0.78125
1,1,0,0,0,1,1,0,0,1,200,500,1e+06,0.65,0.10341,0.1643,0.75415
1,1,0,0,0,1,1,0,1,0,200,500,1e+06,0.65,0.10443,0.16439,0.75879
1,1,0,0,0,1,1,0,1,1,200,500,1e+06,0.65,0.12422,0.16412,0.84912
1,1,0,0,0,1,1,1,0,0,200,500,1e+06,0.65,0.10369,0.12444,0.90039
1,1,0,0,0,1,1,1,0,1,200,500,1e+06,0.65,0.12421,0.16366,0.84961
1,1,0,0,0,1,1,1,1,0,200,500,1e+06,0.65,0.12433,0.16412,0.85156
1,1,0,0,0,1,1,1,1,1,200,500,1e+06,0.65,0.14378,0.16417,0.92773
1,1,0,0,1,0,0,0,0,0,200,500,1e+06,0.65,0.062868,0.084217,0.84375
1,1,0,0,1,0,0,0,0,1,200,500,1e+06,0.65,0.083214,0.12484,0.78125
1,1,0,0,1,0,0,0,1,0,200,500,1e+06,0.65,0.08416,0.12541,0.78711
1,1,0,0,1,0,0,0,1,1,200,500,1e+06,0.65,0.10348,0.12492,0.89771
1,1,0,0,1,0,0,1,0,0,200,500,1e+06,0.65,0.083641,0.1248,0.78613
1,1,0,0,1,0,0,1,0,1,200,500,1e+06,0.65,0.10392,0.16447,0.75586
1,1,0,0,1,0,0,1,1,0,200,500,1e+06,0.65,0.10439,0.16463,0.75781
1,1,0,0,1,0,0,1,1,1,200,500,1e+06,0.65,0.12389,0.16405,0.84766
1,1,0,0,1,0,1,0,0,0,200,500,1e+06,0.65,0.083971,0.12503,0.78906
1,1,0,0,1,0,1,0,0,1,200,500,1e+06,0.65,0.10456,0.16434,0.75977
1,1,0,0,1,0,1,0,1,0,200,500,1e+06,0.65,0.10514,0.16457,0.76294
1,1,0,0,1,0,1,0,1,1,200,500,1e+06,0.65,0.12454,0.16409,0.84961
1,1,0,0,1,0,1,1,0,0,200,500,1e+06,0.65,0.10456,0.12387,0.90625
1,1,0,0,1,0,1,1,0,1,200,500,1e+06,0.65,0.12463,0.16409,0.85156
1,1,0,0,1,0,1,1,1,0,200,500,1e+06,0.65,0.12473,0.16386,0.85205
1,1,0,0,1,0,1,1,1,1,200,500,1e+06,0.65,0.14434,0.16457,0.93066
1,1,0,0,1,1,0,0,0,0,200,500,1e+06,0.65,0.083181,0.083107,1
1,1,0,0,1,1,0,0,0,1,200,500,1e+06,0.65,0.10359,0.12403,0.90283
1,1,0,0,1,1,0,0,1,0,200,500,1e+06,0.65,0.10381,0.12442,0.90332
1,1,0,0,1,1,0,0,1,1,200,500,1e+06,0.65,0.12384,0.12386,1
1,1,0,0,1,1,0,1,0,0,200,500,1e+06,0.65,0.104,0.12428,0.90393
1,1,0,0,1,1,0,1,0,1,200,500,1e+06,0.65,0.12473,0.16376,0.85254
1,1,0,0,1,1,0,1,1,0,200,500,1e+06,0.65,0.12457,0.16464,0.85152
1,1,0,0,1,1,0,1,1,1,200,500,1e+06,0.65,0.14475,0.16387,0.93359
1,1,0,0,1,1,1,0,0,0,200,500,1e+06,0.65,0.10349,0.1241,0.90234
1,1,0,0,1,1,1,0,0,1,200,500,1e+06,0.65,0.1242,0.16348,0.8501
1,1,0,0,1,1,1,0,1,0,200,500,1e+06,0.65,0.12455,0.16398,0.85144
1,1,0,0,1,1,1,0,1,1,200,500,1e+06,0.65,0.14474,0.16382,0.93164
1,1,0,0,1,1,1,1,0,0,200,500,1e+06,0.65,0.12412,0.12355,1.0022
1,1,0,0,1,1,1,1,0,1,200,500,1e+06,0.65,0.14453,0.16379,0.93176
1,1,0,0,1,1,1,1,1,0,200,500,1e+06,0.65,0.14502,0.1637,0.93335
1,1,0,0,1,1,1,1,1,1,200,500,1e+06,0.65,0.16431,0.16423,1
1,1,0,1,0,0,0,0,0,0,200,500,1e+06,0.65,0.062563,0.08282,0.84766
1,1,0,1,0,0,0,0,0,1,200,500,1e+06,0.65,0.083228,0.12427,0.78613
1,1,0,1,0,0,0,0,1,0,200,500,1e+06,0.65,0.083607,0.12387,0.78906
1,1,0,1,0,0,0,0,1,1,200,500,1e+06,0.65,0.1039,0.12369,0.90674
1,1,0,1,0,0,0,1,0,0,200,500,1e+06,0.65,0.084464,0.12502,0.78906
1,1,0,1,0,0,0,1,0,1,200,500,1e+06,0.65,0.10437,0.16439,0.75684
1,1,0,1,0,0,0,1,1,0,200,500,1e+06,0.65,0.1042,0.16481,0.75586
1,1,0,1,0,0,0,1,1,1,200,500,1e+06,0.65,0.12391,0.16455,0.8457
1,1,0,1,0,0,1,0,0,0,200,500,1e+06,0.65,0.084015,0.12485,0.78711
1,1,0,1,0,0,1,0,0,1,200,500,1e+06,0.65,0.10425,0.16459,0.75781
1,1,0,1,0,0,1,0,1,0,200,500,1e+06,0.65,0.10507,0.16452,0.76074
1,1,0,1,0,0,1,0,1,1,200,500,1e+06,0.65,0.12453,0.16457,0.84961
1,1,0,1,0,0,1,1,0,0,200,500,1e+06,0.65,0.10471,0.12485,0.90674
1,1,0,1,0,0,1,1,0,1,200,500,1e+06,0.65,0.12478,0.1645,0.85205
1,1,0,1,0,0,1,1,1,0,200,500,1e+06,0.65,0.12447,0.16431,0.84961
1,1,0,1,0,0,1,1,1,1,200,500,1e+06,0.65,0.14409,0.16426,0.92969
1,1,0,1,0,1,0,0,0,0,200,500,1e+06,0.65,0.083854,0.12355,0.79309
1,1,0,1,0,1,0,0,0,1,200,500,1e+06,0.65,0.1041,0.16408,0.75635
1,1,0,1,0,1,0,0,1,0,200,500,1e+06,0.65,0.10508,0.16468,0.76173
1,1,0,1,0,1,0,0,1,1,200,500,1e+06,0.65,0.1248,0.16443,0.85156
1,1,0,1,0,1,0,1,0,0,200,500,1e+06,0.65,0.10517,0.16433,0.76198
1,1,0,1,0,1,0,1,0,1,200,500,1e+06,0.65,0.125,0.20397,0.74219
1,1,0,1,0,1,0,1,1,0,200,500,1e+06,0.65,0.12582,0.20407,0.7428
1,1,0,1,0,1,0,1,1,1,200,500,1e+06,0.65,0.14503,0.20383,0.81641
1,1,0,1,0,1,1,0,0,0,200,500,1e+06,0.65,0.10422,0.16465,0.75696
1,1,0,1,0,1,1,0,0,1,200,500,1e+06,0.65,0.1246,0.20343,0.73828
1,1,0,1,0,1,1,0,1,0,200,500,1e+06,0.65,0.12514,0.20388,0.74023
1,1,0,1,0,1,1,0,1,1,200,500,1e+06,0.65,0.145,0.20439,0.81641
1,1,0,1,0,1,1,1,0,0,200,500,1e+06,0.65,0.12518,0.16391,0.85449
1,1,0,1,0,1,1,1,0,1,200,500,1e+06,0.65,0.14468,0.20388,0.81665
1,1,0,1,0,1,1,1,1,0,200,500,1e+06,0.65,0.14524,0.20359,0.81836
1,1,0,1,0,1,1,1,1,1,200,500,1e+06,0.65,0.16496,0.20376,0.88574
1,1,0,1,1,0,0,0,0,0,200,500,1e+06,0.65,0.083134,0.12337,0.78906
1,1,0,1,1,0,0,0,0,1,200,500,1e+06,0.65,0.10323,0.1641,0.75159
1,1,0,1,1,0,0,0,1,0,200,500,1e+06,0.65,0.10424,0.16482,0.75623
1,1,0,1,1,0,0,0,1,1,200,500,1e+06,0.65,0.1239,0.16434,0.84766
1,1,0,1,1,0,0,1,0,0,200,500,1e+06,0.65,0.10404,0.16416,0.75635
1,1,0,1,1,0,0,1,0,1,200,500,1e+06,0.65,0.12451,0.20417,0.73825
1,1,0,1,1,0,0,1,1,0,200,500,1e+06,0.65,0.12473,0.20409,0.73938
1,1,0,1,1,0,0,1,1,1,200,500,1e+06,0.65,0.14482,0.20394,0.81641
1,1,0,1,1,0,1,0,0,0,200,500,1e+06,0.65,0.10408,0.16412,0.75781
1,1,0,1,1,0,1,0,0,1,200,500,1e+06,0.65,0.1249,0.20403,0.74023
1,1,0,1,1,0,1,0,1,0,200,500,1e+06,0.65,0.12555,0.20391,0.74268
1,1,0,1,1,0,1,0,1,1,200,500,1e+06,0.65,0.1451,0.20405,0.81738
1,1,0,1,1,0,1,1,0,0,200,500,1e+06,0.65,0.12474,0.16387,0.854
1,1,0,1,1,0,1,1,0,1,200,500,1e+06,0.65,0.14486,0.20397,0.81592
1,1,0,1,1,0,1,1,1,0,200,500,1e+06,0.65,0.14526,0.20361,0.81836
1,1,0,1,1,0,1,1,1,1,200,500,1e+06,0.65,0.16401,0.20422,0.88232
1,1,0,1,1,1,0,0,0,0,200,500,1e+06,0.65,0.1036,0.12345,0.90723
1,1,0,1,1,1,0,0,0,1,200,500,1e+06,0.65,0.12373,0.16402,0.84766
1,1,0,1,1,1,0,0,1,0,200,500,1e+06,0.65,0.12464,0.16436,0.85059
1,1,0,1,1,1,0,0,1,1,200,500,1e+06,0.65,0.14427,0.16335,0.93066
1,1,0,1,1,1,0,1,0,0,200,500,1e+06,0.65,0.12462,0.16409,0.85156
1,1,0,1,1,1,0,1,0,1,200,500,1e+06,0.65,0.14518,0.20394,0.81738
1,1,0,1,1,1,0,1,1,0,200,500,1e+06,0.65,0.14455,0.2041,0.81543
1,1,0,1,1,1,0,1,1,1,200,500,1e+06,0.65,0.16473,0.20381,0.88525
1,1,0,1,1,1,1,0,0,0,200,500,1e+06,0.65,0.12409,0.16398,0.84766
1,1,0,1,1,1,1,0,0,1,200,500,1e+06,0.65,0.14432,0.20411,0.81396
1,1,0,1,1,1,1,0,1,0,200,500,1e+06,0.65,0.14494,0.20299,0.81689
1,1,0,1,1,1,1,0,1,1,200,500,1e+06,0.65,0.16427,0.20374,0.88477
1,1,0,1,1,1,1,1,0,0,200,500,1e+06,0.65,0.14458,0.164,0.93164
1,1,0,1,1,1,1,1,0,1,200,500,1e+06,0.65,0.16453,0.20352,0.88477
1,1,0,1,1,1,1,1,1,0,200,500,1e+06,0.65,0.16498,0.20384,0.88525
1,1,0,1,1,1,1,1,1,1,200,500,1e+06,0.65,0.18462,0.20411,0.94629
1,1,1,0,0,0,0,0,0,0,200,500,1e+06,0.65,0.061889,0.082503,0.84375
1,1,1,0,0,0,0,0,0,1,200,500,1e+06,0.65,0.082047,0.12404,0.77979
1,1,1,0,0,0,0,0,1,0,200,500,1e+06,0.65,0.083416,0.12399,0.78906
1,1,1,0,0,0,0,0,1,1,200,500,1e+06,0.65,0.10278,0.12333,0.90088
1,1,1,0,0,0,0,1,0,0,200,500,1e+06,0.65,0.083584,0.12512,0.7832
1,1,1,0,0,0,0,1,0,1,200,500,1e+06,0.65,0.10366,0.1642,0.75342
1,1,1,0,0,0,0,1,1,0,200,500,1e+06,0.65,0.10359,0.16441,0.75391
1,1,1,0,0,0,0,1,1,1,200,500,1e+06,0.65,0.1235,0.16479,0.84546
1,1,1,0,0,0,1,0,0,0,200,500,1e+06,0.65,0.083115,0.12514,0.78223
1,1,1,0,0,0,1,0,0,1,200,500,1e+06,0.65,0.1036,0.16432,0.75391
1,1,1,0,0,0,1,0,1,0,200,500,1e+06,0.65,0.10449,0.16481,0.75977
1,1,1,0,0,0,1,0,1,1,200,500,1e+06,0.65,0.12391,0.16456,0.8457
1,1,1,0,0,0,1,1,0,0,200,500,1e+06,0.65,0.10333,0.12439,0.89941
1,1,1,0,0,0,1,1,0,1,200,500,1e+06,0.65,0.12399,0.16432,0.84863
1,1,1,0,0,0,1,1,1,0,200,500,1e+06,0.65,0.12425,0.16407,0.84961
1,1,1,0,0,0,1,1,1,1,200,500,1e+06,0.65,0.1436,0.16485,0.92712
1,1,1,0,0,1,0,0,0,0,200,500,1e+06,0.65,0.082944,0.12363,0.78711
1,1,1,0,0,1,0,0,0,1,200,500,1e+06,0.65,0.10341,0.16456,0.75195
1,1,1,0,0,1,0,0,1,0,200,500,1e+06,0.65,0.10402,0.16484,0.75781
1,1,1,0,0,1,0,0,1,1,200,500,1e+06,0.65,0.1239,0.16401,0.84766
1,1,1,0,0,1,0,1,0,0,200,500,1e+06,0.65,0.10436,0.16429,0.75781
1,1,1,0,0,1,0,1,0,1,200,500,1e+06,0.65,0.12478,0.20403,0.73926
1,1,1,0,0,1,0,1,1,0,200,500,1e+06,0.65,0.12462,0.20407,0.73926
1,1,1,0,0,1,0,1,1,1,200,500,1e+06,0.65,0.14446,0.20432,0.81543
1,1,1,0,0,1,1,0,0,0,200,500,1e+06,0.65,0.10367,0.16486,0.75488
1,1,1,0,0,1,1,0,0,1,200,500,1e+06,0.65,0.12367,0.20409,0.73438
1,1,1,0,0,1,1,0,1,0,200,500,1e+06,0.65,0.12501,0.20381,0.74121
1,1,1,0,0,1,1,0,1,1,200,500,1e+06,0.65,0.14454,0.20382,0.81543
1,1,1,0,0,1,1,1,0,0,200,500,1e+06,0.65,0.12406,0.16394,0.85059
1,1,1,0,0,1,1,1,0,1,200,500,1e+06,0.65,0.14456,0.20384,0.81494
1,1,1,0,0,1,1,1,1,0,200,500,1e+06,0.65,0.14443,0.20369,0.81494
1,1,1,0,0,1,1,1,1,1,200,500,1e+06,0.65,0.16413,0.20355,0.88306
1,1,1,0,1,0,0,0,0,0,200,500,1e+06,0.65,0.083213,0.12348,0.78931
1,1,1,0,1,0,0,0,0,1,200,500,1e+06,0.65,0.10351,0.16519,0.75195
1,1,1,0,1,0,0,0,1,0,200,500,1e+06,0.65,0.10422,0.16465,0.75696
1,1,1,0,1,0,0,0,1,1,200,500,1e+06,0.65,0.1244,0.16442,0.84937
1,1,1,0,1,0,0,1,0,0,200,500,1e+06,0.65,0.10397,0.16406,0.75586
1,1,1,0,1,0,0,1,0,1,200,500,1e+06,0.65,0.12481,0.2039,0.74025
1,1,1,0,1,0,0,1,1,0,200,500,1e+06,0.65,0.12461,0.20388,0.73865
1,1,1,0,1,0,0,1,1,1,200,500,1e+06,0.65,0.14427,0.20398,0.81458
1,1,1,0,1,0,1,0,0,0,200,500,1e+06,0.65,0.10445,0.16443,0.75781
1,1,1,0,1,0,1,0,0,1,200,500,1e+06,0.65,0.12492,0.20403,0.74048
1,1,1,0,1,0,1,0,1,0,200,500,1e+06,0.65,0.12525,0.20391,0.74219
1,1,1,0,1,0,1,0,1,1,200,500,1e+06,0.65,0.14532,0.20382,0.81836
1,1,1,0,1,0,1,1,0,0,200,500,1e+06,0.65,0.1244,0.16369,0.85089
1,1,1,0,1,0,1,1,0,1,200,500,1e+06,0.65,0.14426,0.20309,0.81445
1,1,1,0,1,0,1,1,1,0,200,500,1e+06,0.65,0.14544,0.20352,0.81934
1,1,1,0,1,0,1,1,1,1,200,500,1e+06,0.65,0.1646,0.20379,0.88403
1,1,1,0,1,1,0,0,0,0,200,500,1e+06,0.65,0.10344,0.123,0.90625
1,1,1,0,1,1,0,0,0,1,200,500,1e+06,0.65,0.12379,0.16436,0.84863
1,1,1,0,1,1,0,0,1,0,200,500,1e+06,0.65,0.12518,0.16385,0.85547
1,1,1,0,1,1,0,0,1,1,200,500,1e+06,0.65,0.14433,0.16393,0.93164
1,1,1,0,1,1,0,1,0,0,200,500,1e+06,0.65,0.1246,0.16408,0.85052
1,1,1,0,1,1,0,1,0,1,200,500,1e+06,0.65,0.14525,0.20367,0.81836
1,1,1,0,1,1,0,1,1,0,200,500,1e+06,0.65,0.14498,0.20337,0.81689
1,1,1,0,1,1,0,1,1,1,200,500,1e+06,0.65,0.16501,0.20376,0.88673
1,1,1,0,1,1,1,0,0,0,200,500,1e+06,0.65,0.12378,0.16412,0.84766
1,1,1,0,1,1,1,0,0,1,200,500,1e+06,0.65,0.14432,0.20375,0.81445
1,1,1,0,1,1,1,0,1,0,200,500,1e+06,0.65,0.1454,0.20342,0.8186
1,1,1,0,1,1,1,0,1,1,200,500,1e+06,0.65,0.16476,0.20306,0.88525
1,1,1,0,1,1,1,1,0,0,200,500,1e+06,0.65,0.14449,0.16352,0.93237
1,1,1,0,1,1,1,1,0,1,200,500,1e+06,0.65,0.16447,0.2039,0.88458
1,1,1,0,1,1,1,1,1,0,200,500,1e+06,0.65,0.16503,0.2036,0.88623
1,1,1,0,1,1,1,1,1,1,200,500,1e+06,0.65,0.18422,0.20398,0.94482
1,1,1,1,0,0,0,0,0,0,200,500,1e+06,0.65,0.082442,0.082419,1
1,1,1,1,0,0,0,0,0,1,200,500,1e+06,0.65,0.10308,0.12346,0.9021
1,1,1,1,0,0,0,0,1,0,200,500,1e+06,0.65,0.10325,0.12313,0.90234
1,1,1,1,0,0,0,0,1,1,200,500,1e+06,0.65,0.12323,0.12319,1
1,1,1,1,0,0,0,1,0,0,200,500,1e+06,0.65,0.1035,0.12431,0.89844
1,1,1,1,0,0,0,1,0,1,200,500,1e+06,0.65,0.12396,0.16434,0.84875
1,1,1,1,0,0,0,1,1,0,200,500,1e+06,0.65,0.12392,0.16418,0.84766
1,1,1,1,0,0,0,1,1,1,200,500,1e+06,0.65,0.14409,0.16417,0.92871
1,1,1,1,0,0,1,0,0,0,200,500,1e+06,0.65,0.10367,0.12453,0.89941
1,1,1,1,0,0,1,0,0,1,200,500,1e+06,0.65,0.12389,0.16415,0.84766
1,1,1,1,0,0,1,0,1,0,200,500,1e+06,0.65,0.12462,0.1642,0.85156
1,1,1,1,0,0,1,0,1,1,200,500,1e+06,0.65,0.14498,0.1641,0.93213
1,1,1,1,0,0,1,1,0,0,200,500,1e+06,0.65,0.12403,0.12416,0.99967
1,1,1,1,0,0,1,1,0,1,200,500,1e+06,0.65,0.1445,0.16394,0.93164
1,1,1,1,0,0,1,1,1,0,200,500,1e+06,0.65,0.14434,0.16409,0.93066
1,1,1,1,0,0,1,1,1,1,200,500,1e+06,0.65,0.16451,0.1638,1.0029
1,1,1,1,0,1,0,0,0,0,200,500,1e+06,0.65,0.10365,0.12367,0.90536
1,1,1,1,0,1,0,0,0,1,200,500,1e+06,0.65,0.12374,0.16448,0.8457
1,1,1,1,0,1,0,0,1,0,200,500,1e+06,0.65,0.12476,0.16472,0.85156
1,1,1,1,0,1,0,0,1,1,200,500,1e+06,0.65,0.14458,0.16452,0.93164
1,1,1,1,0,1,0,1,0,0,200,500,1e+06,0.65,0.12441,0.16436,0.85004
1,1,1,1,0,1,0,1,0,1,200,500,1e+06,0.65,0.14497,0.20361,0.81641
1,1,1,1,0,1,0,1,1,0,200,500,1e+06,0.65,0.14559,0.20422,0.81836
1,1,1,1,0,1,0,1,1,1,200,500,1e+06,0.65,0.16489,0.20373,0.88477
1,1,1,1,0,1,1,0,0,0,200,500,1e+06,0.65,0.12405,0.16433,0.84863
1,1,1,1,0,1,1,0,0,1,200,500,1e+06,0.65,0.14454,0.20358,0.81445
1,1,1,1,0,1,1,0,1,0,200,500,1e+06,0.65,0.1444,0.20364,0.81445
1,1,1,1,0,1,1,0,1,1,200,500,1e+06,0.65,0.16465,0.20413,0.88428
1,1,1,1,0,1,1,1,0,0,200,500,1e+06,0.65,0.14431,0.16395,0.92969
1,1,1,1,0,1,1,1,0,1,200,500,1e+06,0.65,0.16466,0.20399,0.88477
1,1,1,1,0,1,1,1,1,0,200,500,1e+06,0.65,0.16455,0.20378,0.88477
1,1,1,1,0,1,1,1,1,1,200,500,1e+06,0.65,0.18435,0.20429,0.94409
1,1,1,1,1,0,0,0,0,0,200,500,1e+06,0.65,0.10275,0.12325,0.89838
1,1,1,1,1,0,0,0,0,1,200,500,1e+06,0.65,0.12324,0.16482,0.8418
1,1,1,1,1,0,0,0,1,0,200,500,1e+06,0.65,0.12404,0.16418,0.84705
1,1,1,1,1,0,0,0,1,1,200,500,1e+06,0.65,0.14377,0.16414,0.92773
1,1,1,1,1,0,0,1,0,0,200,500,1e+06,0.65,0.1237,0.1642,0.8457
1,1,1,1,1,0,0,1,0,1,200,500,1e+06,0.65,0.14387,0.20361,0.8125
1,1,1,1,1,0,0,1,1,0,200,500,1e+06,0.65,0.14461,0.20347,0.81519
1,1,1,1,1,0,0,1,1,1,200,500,1e+06,0.65,0.16387,0.20347,0.88086
1,1,1,1,1,0,1,0,0,0,200,500,1e+06,0.65,0.12417,0.16414,0.84863
1,1,1,1,1,0,1,0,0,1,200,500,1e+06,0.65,0.14423,0.204,0.81384
1,1,1,1,1,0,1,0,1,0,200,500,1e+06,0.65,0.1453,0.20387,0.81836
1,1,1,1,1,0,1,0,1,1,200,500,1e+06,0.65,0.1652,0.20375,0.88672
1,1,1,1,1,0,1,1,0,0,200,500,1e+06,0.65,0.14427,0.16383,0.93066
1,1,1,1,1,0,1,1,0,1,200,500,1e+06,0.65,0.16501,0.2036,0.88623
1,1,1,1,1,0,1,1,1,0,200,500,1e+06,0.65,0.16469,0.20371,0.88489
1,1,1,1,1,0,1,1,1,1,200,500,1e+06,0.65,0.18432,0.20362,0.9458
1,1,1,1,1,1,0,0,0,0,200,500,1e+06,0.65,0.12346,0.1234,1
1,1,1,1,1,1,0,0,0,1,200,500,1e+06,0.65,0.14323,0.16479,0.92578
1,1,1,1,1,1,0,0,1,0,200,500,1e+06,0.65,0.14433,0.16394,0.92969
1,1,1,1,1,1,0,0,1,1,200,500,1e+06,0.65,0.16434,0.16419,1.001
1,1,1,1,1,1,0,1,0,0,200,500,1e+06,0.65,0.1445,0.16435,0.93002
1,1,1,1,1,1,0,1,0,1,200,500,1e+06,0.65,0.16466,0.20387,0.88477
1,1,1,1,1,1,0,1,1,0,200,500,1e+06,0.65,0.16464,0.20361,0.88377
1,1,1,1,1,1,0,1,1,1,200,500,1e+06,0.65,0.18456,0.20409,0.94531
1,1,1,1,1,1,1,0,0,0,200,500,1e+06,0.65,0.14352,0.16397,0.92578
1,1,1,1,1,1,1,0,0,1,200,500,1e+06,0.65,0.16371,0.20359,0.88086
1,1,1,1,1,1,1,0,1,0,200,500,1e+06,0.65,0.16448,0.20404,0.88379
1,1,1,1,1,1,1,0,1,1,200,500,1e+06,0.65,0.18452,0.20325,0.9458
1,1,1,1,1,1,1,1,0,0,200,500,1e+06,0.65,0.16433,0.16409,1.001
1,1,1,1,1,1,1,1,0,1,200,500,1e+06,0.65,0.1845,0.20379,0.9458
1,1,1,1,1,1,1,1,1,0,200,500,1e+06,0.65,0.18413,0.20366,0.94482
1,1,1,1,1,1,1,1,1,1,200,500,1e+06,0.65,0.20428,0.20408,1.0012
